{"timestamp":"1570097646343","tiers":[{"high":"0.67007","bid":{"big":"0.67","points":"166"},"open":"0.67060","low":"0.67280","offer":{"big":"0.67","points":"170"}},{"high":"0.67007","bid":{"big":"0.6365","points":"166"},"open":"0.67060","low":"0.67280","offer":{"big":"0.7035","points":"170"}},{"high":"0.67007","bid":{"big":"0.603","points":"166"},"open":"0.67060","low":"0.67280","offer":{"big":"0.737","points":"170"}}],"pairName":"AUD-USD"}
{"timestamp":"1570097630060","tiers":[{"high":"0.67007","bid":{"big":"0.67","points":"168"},"open":"0.67060","low":"0.67280","offer":{"big":"0.67","points":"172"}},{"high":"0.67007","bid":{"big":"0.6365","points":"168"},"open":"0.67060","low":"0.67280","offer":{"big":"0.7035","points":"172"}},{"high":"0.67007","bid":{"big":"0.603","points":"168"},"open":"0.67060","low":"0.67280","offer":{"big":"0.737","points":"172"}}],"pairName":"AUD-USD"}
{"timestamp":"1570097638897","tiers":[{"high":"0.67007","bid":{"big":"0.67","points":"166"},"open":"0.67060","low":"0.67280","offer":{"big":"0.67","points":"172"}},{"high":"0.67007","bid":{"big":"0.6365","points":"166"},"open":"0.67060","low":"0.67280","offer":{"big":"0.7035","points":"172"}},{"high":"0.67007","bid":{"big":"0.603","points":"166"},"open":"0.67060","low":"0.67280","offer":{"big":"0.737","points":"172"}}],"pairName":"AUD-USD"}
{"timestamp":"1570097646343","tiers":[{"high":"0.67007","bid":{"big":"0.67","points":"166"},"open":"0.67060","low":"0.67280","offer":{"big":"0.67","points":"170"}},{"high":"0.67007","bid":{"big":"0.6365","points":"166"},"open":"0.67060","low":"0.67280","offer":{"big":"0.7035","points":"170"}},{"high":"0.67007","bid":{"big":"0.603","points":"166"},"open":"0.67060","low":"0.67280","offer":{"big":"0.737","points":"170"}}],"pairName":"AUD-USD"}
{"timestamp":"1570097677946","tiers":[{"high":"0.67007","bid":{"big":"0.67","points":"166"},"open":"0.67060","low":"0.67280","offer":{"big":"0.67","points":"169"}},{"high":"0.67007","bid":{"big":"0.6365","points":"166"},"open":"0.67060","low":"0.67280","offer":{"big":"0.7035","points":"169"}},{"high":"0.67007","bid":{"big":"0.603","points":"166"},"open":"0.67060","low":"0.67280","offer":{"big":"0.737","points":"169"}}],"pairName":"AUD-USD"}
{"timestamp":"1570097685915","tiers":[{"high":"0.67007","bid":{"big":"0.67","points":"164"},"open":"0.67060","low":"0.67280","offer":{"big":"0.67","points":"167"}},{"high":"0.67007","bid":{"big":"0.6365","points":"164"},"open":"0.67060","low":"0.67280","offer":{"big":"0.7035","points":"167"}},{"high":"0.67007","bid":{"big":"0.603","points":"164"},"open":"0.67060","low":"0.67280","offer":{"big":"0.737","points":"167"}}],"pairName":"AUD-USD"}
{"timestamp":"1570097693573","tiers":[{"high":"0.67007","bid":{"big":"0.67","points":"166"},"open":"0.67060","low":"0.67280","offer":{"big":"0.67","points":"170"}},{"high":"0.67007","bid":{"big":"0.6365","points":"166"},"open":"0.67060","low":"0.67280","offer":{"big":"0.7035","points":"170"}},{"high":"0.67007","bid":{"big":"0.603","points":"166"},"open":"0.67060","low":"0.67280","offer":{"big":"0.737","points":"170"}}],"pairName":"AUD-USD"}
{"timestamp":"1570097703032","tiers":[{"high":"0.67007","bid":{"big":"0.67","points":"164"},"open":"0.67060","low":"0.67280","offer":{"big":"0.67","points":"169"}},{"high":"0.67007","bid":{"big":"0.6365","points":"164"},"open":"0.67060","low":"0.67280","offer":{"big":"0.7035","points":"169"}},{"high":"0.67007","bid":{"big":"0.603","points":"164"},"open":"0.67060","low":"0.67280","offer":{"big":"0.737","points":"169"}}],"pairName":"AUD-USD"}
{"timestamp":"1570097703334","tiers":[{"high":"0.67007","bid":{"big":"0.67","points":"164"},"open":"0.67060","low":"0.67280","offer":{"big":"0.67","points":"167"}},{"high":"0.67007","bid":{"big":"0.6365","points":"164"},"open":"0.67060","low":"0.67280","offer":{"big":"0.7035","points":"167"}},{"high":"0.67007","bid":{"big":"0.603","points":"164"},"open":"0.67060","low":"0.67280","offer":{"big":"0.737","points":"167"}}],"pairName":"AUD-USD"}
{"timestamp":"1570097710005","tiers":[{"high":"0.67007","bid":{"big":"0.67","points":"162"},"open":"0.67060","low":"0.67280","offer":{"big":"0.67","points":"167"}},{"high":"0.67007","bid":{"big":"0.6365","points":"162"},"open":"0.67060","low":"0.67280","offer":{"big":"0.7035","points":"167"}},{"high":"0.67007","bid":{"big":"0.603","points":"162"},"open":"0.67060","low":"0.67280","offer":{"big":"0.737","points":"167"}}],"pairName":"AUD-USD"}
{"timestamp":"1570097714821","tiers":[{"high":"0.67007","bid":{"big":"0.67","points":"164"},"open":"0.67060","low":"0.67280","offer":{"big":"0.67","points":"167"}},{"high":"0.67007","bid":{"big":"0.6365","points":"164"},"open":"0.67060","low":"0.67280","offer":{"big":"0.7035","points":"167"}},{"high":"0.67007","bid":{"big":"0.603","points":"164"},"open":"0.67060","low":"0.67280","offer":{"big":"0.737","points":"167"}}],"pairName":"AUD-USD"}
{"timestamp":"1570097719826","tiers":[{"high":"0.67007","bid":{"big":"0.67","points":"166"},"open":"0.67060","low":"0.67280","offer":{"big":"0.67","points":"170"}},{"high":"0.67007","bid":{"big":"0.6365","points":"166"},"open":"0.67060","low":"0.67280","offer":{"big":"0.7035","points":"170"}},{"high":"0.67007","bid":{"big":"0.603","points":"166"},"open":"0.67060","low":"0.67280","offer":{"big":"0.737","points":"170"}}],"pairName":"AUD-USD"}
{"timestamp":"1570097732802","tiers":[{"high":"0.67007","bid":{"big":"0.67","points":"166"},"open":"0.67060","low":"0.67280","offer":{"big":"0.67","points":"172"}},{"high":"0.67007","bid":{"big":"0.6365","points":"166"},"open":"0.67060","low":"0.67280","offer":{"big":"0.7035","points":"172"}},{"high":"0.67007","bid":{"big":"0.603","points":"166"},"open":"0.67060","low":"0.67280","offer":{"big":"0.737","points":"172"}}],"pairName":"AUD-USD"}
{"timestamp":"1570097734900","tiers":[{"high":"0.67007","bid":{"big":"0.67","points":"166"},"open":"0.67060","low":"0.67280","offer":{"big":"0.67","points":"170"}},{"high":"0.67007","bid":{"big":"0.6365","points":"166"},"open":"0.67060","low":"0.67280","offer":{"big":"0.7035","points":"170"}},{"high":"0.67007","bid":{"big":"0.603","points":"166"},"open":"0.67060","low":"0.67280","offer":{"big":"0.737","points":"170"}}],"pairName":"AUD-USD"}
{"timestamp":"1570097745817","tiers":[{"high":"0.67007","bid":{"big":"0.67","points":"168"},"open":"0.67060","low":"0.67280","offer":{"big":"0.67","points":"170"}},{"high":"0.67007","bid":{"big":"0.6365","points":"168"},"open":"0.67060","low":"0.67280","offer":{"big":"0.7035","points":"170"}},{"high":"0.67007","bid":{"big":"0.603","points":"168"},"open":"0.67060","low":"0.67280","offer":{"big":"0.737","points":"170"}}],"pairName":"AUD-USD"}
{"timestamp":"1570097746553","tiers":[{"high":"0.67007","bid":{"big":"0.67","points":"168"},"open":"0.67060","low":"0.67280","offer":{"big":"0.67","points":"172"}},{"high":"0.67007","bid":{"big":"0.6365","points":"168"},"open":"0.67060","low":"0.67280","offer":{"big":"0.7035","points":"172"}},{"high":"0.67007","bid":{"big":"0.603","points":"168"},"open":"0.67060","low":"0.67280","offer":{"big":"0.737","points":"172"}}],"pairName":"AUD-USD"}
{"timestamp":"1570097747874","tiers":[{"high":"0.67007","bid":{"big":"0.67","points":"169"},"open":"0.67060","low":"0.67280","offer":{"big":"0.67","points":"172"}},{"high":"0.67007","bid":{"big":"0.6365","points":"169"},"open":"0.67060","low":"0.67280","offer":{"big":"0.7035","points":"172"}},{"high":"0.67007","bid":{"big":"0.603","points":"169"},"open":"0.67060","low":"0.67280","offer":{"big":"0.737","points":"172"}}],"pairName":"AUD-USD"}
{"timestamp":"1570097750340","tiers":[{"high":"0.67007","bid":{"big":"0.67","points":"166"},"open":"0.67060","low":"0.67280","offer":{"big":"0.67","points":"172"}},{"high":"0.67007","bid":{"big":"0.6365","points":"166"},"open":"0.67060","low":"0.67280","offer":{"big":"0.7035","points":"172"}},{"high":"0.67007","bid":{"big":"0.603","points":"166"},"open":"0.67060","low":"0.67280","offer":{"big":"0.737","points":"172"}}],"pairName":"AUD-USD"}
{"timestamp":"1570097754220","tiers":[{"high":"0.67007","bid":{"big":"0.67","points":"169"},"open":"0.67060","low":"0.67280","offer":{"big":"0.67","points":"172"}},{"high":"0.67007","bid":{"big":"0.6365","points":"169"},"open":"0.67060","low":"0.67280","offer":{"big":"0.7035","points":"172"}},{"high":"0.67007","bid":{"big":"0.603","points":"169"},"open":"0.67060","low":"0.67280","offer":{"big":"0.737","points":"172"}}],"pairName":"AUD-USD"}
{"timestamp":"1570097756210","tiers":[{"high":"0.67007","bid":{"big":"0.67","points":"168"},"open":"0.67060","low":"0.67280","offer":{"big":"0.67","points":"170"}},{"high":"0.67007","bid":{"big":"0.6365","points":"168"},"open":"0.67060","low":"0.67280","offer":{"big":"0.7035","points":"170"}},{"high":"0.67007","bid":{"big":"0.603","points":"168"},"open":"0.67060","low":"0.67280","offer":{"big":"0.737","points":"170"}}],"pairName":"AUD-USD"}
{"timestamp":"1570097756961","tiers":[{"high":"0.67007","bid":{"big":"0.67","points":"169"},"open":"0.67060","low":"0.67280","offer":{"big":"0.67","points":"170"}},{"high":"0.67007","bid":{"big":"0.6365","points":"169"},"open":"0.67060","low":"0.67280","offer":{"big":"0.7035","points":"170"}},{"high":"0.67007","bid":{"big":"0.603","points":"169"},"open":"0.67060","low":"0.67280","offer":{"big":"0.737","points":"170"}}],"pairName":"AUD-USD"}
{"timestamp":"1570097758018","tiers":[{"high":"0.67007","bid":{"big":"0.67","points":"168"},"open":"0.67060","low":"0.67280","offer":{"big":"0.67","points":"170"}},{"high":"0.67007","bid":{"big":"0.6365","points":"168"},"open":"0.67060","low":"0.67280","offer":{"big":"0.7035","points":"170"}},{"high":"0.67007","bid":{"big":"0.603","points":"168"},"open":"0.67060","low":"0.67280","offer":{"big":"0.737","points":"170"}}],"pairName":"AUD-USD"}
{"timestamp":"1570097759968","tiers":[{"high":"0.67007","bid":{"big":"0.67","points":"171"},"open":"0.67060","low":"0.67280","offer":{"big":"0.67","points":"175"}},{"high":"0.67007","bid":{"big":"0.6365","points":"171"},"open":"0.67060","low":"0.67280","offer":{"big":"0.7035","points":"175"}},{"high":"0.67007","bid":{"big":"0.603","points":"171"},"open":"0.67060","low":"0.67280","offer":{"big":"0.737","points":"175"}}],"pairName":"AUD-USD"}
{"timestamp":"1570097760835","tiers":[{"high":"0.67007","bid":{"big":"0.67","points":"173"},"open":"0.67060","low":"0.67280","offer":{"big":"0.67","points":"175"}},{"high":"0.67007","bid":{"big":"0.6365","points":"173"},"open":"0.67060","low":"0.67280","offer":{"big":"0.7035","points":"175"}},{"high":"0.67007","bid":{"big":"0.603","points":"173"},"open":"0.67060","low":"0.67280","offer":{"big":"0.737","points":"175"}}],"pairName":"AUD-USD"}
{"timestamp":"1570097761595","tiers":[{"high":"0.67007","bid":{"big":"0.67","points":"168"},"open":"0.67060","low":"0.67280","offer":{"big":"0.67","points":"170"}},{"high":"0.67007","bid":{"big":"0.6365","points":"168"},"open":"0.67060","low":"0.67280","offer":{"big":"0.7035","points":"170"}},{"high":"0.67007","bid":{"big":"0.603","points":"168"},"open":"0.67060","low":"0.67280","offer":{"big":"0.737","points":"170"}}],"pairName":"AUD-USD"}
{"timestamp":"1570097771837","tiers":[{"high":"0.67007","bid":{"big":"0.67","points":"166"},"open":"0.67060","low":"0.67280","offer":{"big":"0.67","points":"170"}},{"high":"0.67007","bid":{"big":"0.6365","points":"166"},"open":"0.67060","low":"0.67280","offer":{"big":"0.7035","points":"170"}},{"high":"0.67007","bid":{"big":"0.603","points":"166"},"open":"0.67060","low":"0.67280","offer":{"big":"0.737","points":"170"}}],"pairName":"AUD-USD"}
{"timestamp":"1570097783520","tiers":[{"high":"0.67007","bid":{"big":"0.67","points":"164"},"open":"0.67060","low":"0.67280","offer":{"big":"0.67","points":"170"}},{"high":"0.67007","bid":{"big":"0.6365","points":"164"},"open":"0.67060","low":"0.67280","offer":{"big":"0.7035","points":"170"}},{"high":"0.67007","bid":{"big":"0.603","points":"164"},"open":"0.67060","low":"0.67280","offer":{"big":"0.737","points":"170"}}],"pairName":"AUD-USD"}
{"timestamp":"1570097783556","tiers":[{"high":"0.67007","bid":{"big":"0.67","points":"164"},"open":"0.67060","low":"0.67280","offer":{"big":"0.67","points":"169"}},{"high":"0.67007","bid":{"big":"0.6365","points":"164"},"open":"0.67060","low":"0.67280","offer":{"big":"0.7035","points":"169"}},{"high":"0.67007","bid":{"big":"0.603","points":"164"},"open":"0.67060","low":"0.67280","offer":{"big":"0.737","points":"169"}}],"pairName":"AUD-USD"}
{"timestamp":"1570097785890","tiers":[{"high":"0.67007","bid":{"big":"0.67","points":"162"},"open":"0.67060","low":"0.67280","offer":{"big":"0.67","points":"167"}},{"high":"0.67007","bid":{"big":"0.6365","points":"162"},"open":"0.67060","low":"0.67280","offer":{"big":"0.7035","points":"167"}},{"high":"0.67007","bid":{"big":"0.603","points":"162"},"open":"0.67060","low":"0.67280","offer":{"big":"0.737","points":"167"}}],"pairName":"AUD-USD"}
{"timestamp":"1570097787207","tiers":[{"high":"0.67007","bid":{"big":"0.67","points":"162"},"open":"0.67060","low":"0.67280","offer":{"big":"0.67","points":"167"}},{"high":"0.67007","bid":{"big":"0.6365","points":"162"},"open":"0.67060","low":"0.67280","offer":{"big":"0.7035","points":"167"}},{"high":"0.67007","bid":{"big":"0.603","points":"162"},"open":"0.67060","low":"0.67280","offer":{"big":"0.737","points":"167"}}],"pairName":"AUD-USD"}
{"timestamp":"1570097787506","tiers":[{"high":"0.67007","bid":{"big":"0.67","points":"162"},"open":"0.67060","low":"0.67280","offer":{"big":"0.67","points":"167"}},{"high":"0.67007","bid":{"big":"0.6365","points":"162"},"open":"0.67060","low":"0.67280","offer":{"big":"0.7035","points":"167"}},{"high":"0.67007","bid":{"big":"0.603","points":"162"},"open":"0.67060","low":"0.67280","offer":{"big":"0.737","points":"167"}}],"pairName":"AUD-USD"}
{"timestamp":"1570097790011","tiers":[{"high":"0.67007","bid":{"big":"0.67","points":"164"},"open":"0.67060","low":"0.67280","offer":{"big":"0.67","points":"167"}},{"high":"0.67007","bid":{"big":"0.6365","points":"164"},"open":"0.67060","low":"0.67280","offer":{"big":"0.7035","points":"167"}},{"high":"0.67007","bid":{"big":"0.603","points":"164"},"open":"0.67060","low":"0.67280","offer":{"big":"0.737","points":"167"}}],"pairName":"AUD-USD"}
{"timestamp":"1570097794959","tiers":[{"high":"0.67007","bid":{"big":"0.67","points":"164"},"open":"0.67060","low":"0.67280","offer":{"big":"0.67","points":"169"}},{"high":"0.67007","bid":{"big":"0.6365","points":"164"},"open":"0.67060","low":"0.67280","offer":{"big":"0.7035","points":"169"}},{"high":"0.67007","bid":{"big":"0.603","points":"164"},"open":"0.67060","low":"0.67280","offer":{"big":"0.737","points":"169"}}],"pairName":"AUD-USD"}
{"timestamp":"1570097795468","tiers":[{"high":"0.67007","bid":{"big":"0.67","points":"166"},"open":"0.67060","low":"0.67280","offer":{"big":"0.67","points":"170"}},{"high":"0.67007","bid":{"big":"0.6365","points":"166"},"open":"0.67060","low":"0.67280","offer":{"big":"0.7035","points":"170"}},{"high":"0.67007","bid":{"big":"0.603","points":"166"},"open":"0.67060","low":"0.67280","offer":{"big":"0.737","points":"170"}}],"pairName":"AUD-USD"}
{"timestamp":"1570097800294","tiers":[{"high":"0.67007","bid":{"big":"0.67","points":"169"},"open":"0.67060","low":"0.67280","offer":{"big":"0.67","points":"172"}},{"high":"0.67007","bid":{"big":"0.6365","points":"169"},"open":"0.67060","low":"0.67280","offer":{"big":"0.7035","points":"172"}},{"high":"0.67007","bid":{"big":"0.603","points":"169"},"open":"0.67060","low":"0.67280","offer":{"big":"0.737","points":"172"}}],"pairName":"AUD-USD"}
{"timestamp":"1570097800739","tiers":[{"high":"0.67007","bid":{"big":"0.67","points":"166"},"open":"0.67060","low":"0.67280","offer":{"big":"0.67","points":"170"}},{"high":"0.67007","bid":{"big":"0.6365","points":"166"},"open":"0.67060","low":"0.67280","offer":{"big":"0.7035","points":"170"}},{"high":"0.67007","bid":{"big":"0.603","points":"166"},"open":"0.67060","low":"0.67280","offer":{"big":"0.737","points":"170"}}],"pairName":"AUD-USD"}
{"timestamp":"1570097806168","tiers":[{"high":"0.67007","bid":{"big":"0.67","points":"169"},"open":"0.67060","low":"0.67280","offer":{"big":"0.67","points":"170"}},{"high":"0.67007","bid":{"big":"0.6365","points":"169"},"open":"0.67060","low":"0.67280","offer":{"big":"0.7035","points":"170"}},{"high":"0.67007","bid":{"big":"0.603","points":"169"},"open":"0.67060","low":"0.67280","offer":{"big":"0.737","points":"170"}}],"pairName":"AUD-USD"}
{"timestamp":"1570097814139","tiers":[{"high":"0.67007","bid":{"big":"0.67","points":"169"},"open":"0.67060","low":"0.67280","offer":{"big":"0.67","points":"170"}},{"high":"0.67007","bid":{"big":"0.6365","points":"169"},"open":"0.67060","low":"0.67280","offer":{"big":"0.7035","points":"170"}},{"high":"0.67007","bid":{"big":"0.603","points":"169"},"open":"0.67060","low":"0.67280","offer":{"big":"0.737","points":"170"}}],"pairName":"AUD-USD"}
{"timestamp":"1570097815248","tiers":[{"high":"0.67007","bid":{"big":"0.67","points":"169"},"open":"0.67060","low":"0.67280","offer":{"big":"0.67","points":"172"}},{"high":"0.67007","bid":{"big":"0.6365","points":"169"},"open":"0.67060","low":"0.67280","offer":{"big":"0.7035","points":"172"}},{"high":"0.67007","bid":{"big":"0.603","points":"169"},"open":"0.67060","low":"0.67280","offer":{"big":"0.737","points":"172"}}],"pairName":"AUD-USD"}
{"timestamp":"1570097816160","tiers":[{"high":"0.67007","bid":{"big":"0.67","points":"166"},"open":"0.67060","low":"0.67280","offer":{"big":"0.67","points":"170"}},{"high":"0.67007","bid":{"big":"0.6365","points":"166"},"open":"0.67060","low":"0.67280","offer":{"big":"0.7035","points":"170"}},{"high":"0.67007","bid":{"big":"0.603","points":"166"},"open":"0.67060","low":"0.67280","offer":{"big":"0.737","points":"170"}}],"pairName":"AUD-USD"}
{"timestamp":"1570097818817","tiers":[{"high":"0.67007","bid":{"big":"0.67","points":"169"},"open":"0.67060","low":"0.67280","offer":{"big":"0.67","points":"174"}},{"high":"0.67007","bid":{"big":"0.6365","points":"169"},"open":"0.67060","low":"0.67280","offer":{"big":"0.7035","points":"174"}},{"high":"0.67007","bid":{"big":"0.603","points":"169"},"open":"0.67060","low":"0.67280","offer":{"big":"0.737","points":"174"}}],"pairName":"AUD-USD"}
{"timestamp":"1570097822010","tiers":[{"high":"0.67007","bid":{"big":"0.67","points":"168"},"open":"0.67060","low":"0.67280","offer":{"big":"0.67","points":"170"}},{"high":"0.67007","bid":{"big":"0.6365","points":"168"},"open":"0.67060","low":"0.67280","offer":{"big":"0.7035","points":"170"}},{"high":"0.67007","bid":{"big":"0.603","points":"168"},"open":"0.67060","low":"0.67280","offer":{"big":"0.737","points":"170"}}],"pairName":"AUD-USD"}
{"timestamp":"1570097823166","tiers":[{"high":"0.67007","bid":{"big":"0.67","points":"166"},"open":"0.67060","low":"0.67280","offer":{"big":"0.67","points":"169"}},{"high":"0.67007","bid":{"big":"0.6365","points":"166"},"open":"0.67060","low":"0.67280","offer":{"big":"0.7035","points":"169"}},{"high":"0.67007","bid":{"big":"0.603","points":"166"},"open":"0.67060","low":"0.67280","offer":{"big":"0.737","points":"169"}}],"pairName":"AUD-USD"}
{"timestamp":"1570097825035","tiers":[{"high":"0.67007","bid":{"big":"0.67","points":"166"},"open":"0.67060","low":"0.67280","offer":{"big":"0.67","points":"169"}},{"high":"0.67007","bid":{"big":"0.6365","points":"166"},"open":"0.67060","low":"0.67280","offer":{"big":"0.7035","points":"169"}},{"high":"0.67007","bid":{"big":"0.603","points":"166"},"open":"0.67060","low":"0.67280","offer":{"big":"0.737","points":"169"}}],"pairName":"AUD-USD"}
{"timestamp":"1570097829987","tiers":[{"high":"0.67007","bid":{"big":"0.67","points":"164"},"open":"0.67060","low":"0.67280","offer":{"big":"0.67","points":"169"}},{"high":"0.67007","bid":{"big":"0.6365","points":"164"},"open":"0.67060","low":"0.67280","offer":{"big":"0.7035","points":"169"}},{"high":"0.67007","bid":{"big":"0.603","points":"164"},"open":"0.67060","low":"0.67280","offer":{"big":"0.737","points":"169"}}],"pairName":"AUD-USD"}