{"timestamp":"1570097829572","tiers":[{"high":"0.88951","bid":{"big":"0.89","points":"068"},"open":"0.89102","low":"0.89225","offer":{"big":"0.89","points":"076"}},{"high":"0.88951","bid":{"big":"0.8455","points":"068"},"open":"0.89102","low":"0.89225","offer":{"big":"0.9345","points":"076"}},{"high":"0.88951","bid":{"big":"0.801","points":"068"},"open":"0.89102","low":"0.89225","offer":{"big":"0.979","points":"076"}}],"pairName":"EUR-GBP"}
{"timestamp":"1570097629409","tiers":[{"high":"0.88951","bid":{"big":"0.89","points":"087"},"open":"0.89102","low":"0.89225","offer":{"big":"0.89","points":"091"}},{"high":"0.88951","bid":{"big":"0.8455","points":"087"},"open":"0.89102","low":"0.89225","offer":{"big":"0.9345","points":"091"}},{"high":"0.88951","bid":{"big":"0.801","points":"087"},"open":"0.89102","low":"0.89225","offer":{"big":"0.979","points":"091"}}],"pairName":"EUR-GBP"}
{"timestamp":"1570097632799","tiers":[{"high":"0.88951","bid":{"big":"0.89","points":"087"},"open":"0.89102","low":"0.89225","offer":{"big":"0.89","points":"093"}},{"high":"0.88951","bid":{"big":"0.8455","points":"087"},"open":"0.89102","low":"0.89225","offer":{"big":"0.9345","points":"093"}},{"high":"0.88951","bid":{"big":"0.801","points":"087"},"open":"0.89102","low":"0.89225","offer":{"big":"0.979","points":"093"}}],"pairName":"EUR-GBP"}
{"timestamp":"1570097633919","tiers":[{"high":"0.88951","bid":{"big":"0.89","points":"087"},"open":"0.89102","low":"0.89225","offer":{"big":"0.89","points":"091"}},{"high":"0.88951","bid":{"big":"0.8455","points":"087"},"open":"0.89102","low":"0.89225","offer":{"big":"0.9345","points":"091"}},{"high":"0.88951","bid":{"big":"0.801","points":"087"},"open":"0.89102","low":"0.89225","offer":{"big":"0.979","points":"091"}}],"pairName":"EUR-GBP"}
{"timestamp":"1570097635142","tiers":[{"high":"0.88951","bid":{"big":"0.89","points":"085"},"open":"0.89102","low":"0.89225","offer":{"big":"0.89","points":"091"}},{"high":"0.88951","bid":{"big":"0.8455","points":"085"},"open":"0.89102","low":"0.89225","offer":{"big":"0.9345","points":"091"}},{"high":"0.88951","bid":{"big":"0.801","points":"085"},"open":"0.89102","low":"0.89225","offer":{"big":"0.979","points":"091"}}],"pairName":"EUR-GBP"}
{"timestamp":"1570097637124","tiers":[{"high":"0.88951","bid":{"big":"0.89","points":"087"},"open":"0.89102","low":"0.89225","offer":{"big":"0.89","points":"091"}},{"high":"0.88951","bid":{"big":"0.8455","points":"087"},"open":"0.89102","low":"0.89225","offer":{"big":"0.9345","points":"091"}},{"high":"0.88951","bid":{"big":"0.801","points":"087"},"open":"0.89102","low":"0.89225","offer":{"big":"0.979","points":"091"}}],"pairName":"EUR-GBP"}
{"timestamp":"1570097638016","tiers":[{"high":"0.88951","bid":{"big":"0.89","points":"087"},"open":"0.89102","low":"0.89225","offer":{"big":"0.89","points":"093"}},{"high":"0.88951","bid":{"big":"0.8455","points":"087"},"open":"0.89102","low":"0.89225","offer":{"big":"0.9345","points":"093"}},{"high":"0.88951","bid":{"big":"0.801","points":"087"},"open":"0.89102","low":"0.89225","offer":{"big":"0.979","points":"093"}}],"pairName":"EUR-GBP"}
{"timestamp":"1570097639439","tiers":[{"high":"0.88951","bid":{"big":"0.89","points":"087"},"open":"0.89102","low":"0.89225","offer":{"big":"0.89","points":"091"}},{"high":"0.88951","bid":{"big":"0.8455","points":"087"},"open":"0.89102","low":"0.89225","offer":{"big":"0.9345","points":"091"}},{"high":"0.88951","bid":{"big":"0.801","points":"087"},"open":"0.89102","low":"0.89225","offer":{"big":"0.979","points":"091"}}],"pairName":"EUR-GBP"}
{"timestamp":"1570097641820","tiers":[{"high":"0.88951","bid":{"big":"0.89","points":"088"},"open":"0.89102","low":"0.89225","offer":{"big":"0.89","points":"093"}},{"high":"0.88951","bid":{"big":"0.8455","points":"088"},"open":"0.89102","low":"0.89225","offer":{"big":"0.9345","points":"093"}},{"high":"0.88951","bid":{"big":"0.801","points":"088"},"open":"0.89102","low":"0.89225","offer":{"big":"0.979","points":"093"}}],"pairName":"EUR-GBP"}
{"timestamp":"1570097643468","tiers":[{"high":"0.88951","bid":{"big":"0.89","points":"088"},"open":"0.89102","low":"0.89225","offer":{"big":"0.89","points":"094"}},{"high":"0.88951","bid":{"big":"0.8455","points":"088"},"open":"0.89102","low":"0.89225","offer":{"big":"0.9345","points":"094"}},{"high":"0.88951","bid":{"big":"0.801","points":"088"},"open":"0.89102","low":"0.89225","offer":{"big":"0.979","points":"094"}}],"pairName":"EUR-GBP"}
{"timestamp":"1570097653586","tiers":[{"high":"0.88951","bid":{"big":"0.89","points":"088"},"open":"0.89102","low":"0.89225","offer":{"big":"0.89","points":"093"}},{"high":"0.88951","bid":{"big":"0.8455","points":"088"},"open":"0.89102","low":"0.89225","offer":{"big":"0.9345","points":"093"}},{"high":"0.88951","bid":{"big":"0.801","points":"088"},"open":"0.89102","low":"0.89225","offer":{"big":"0.979","points":"093"}}],"pairName":"EUR-GBP"}
{"timestamp":"1570097657287","tiers":[{"high":"0.88951","bid":{"big":"0.89","points":"095"},"open":"0.89102","low":"0.89225","offer":{"big":"0.89","points":"099"}},{"high":"0.88951","bid":{"big":"0.8455","points":"095"},"open":"0.89102","low":"0.89225","offer":{"big":"0.9345","points":"099"}},{"high":"0.88951","bid":{"big":"0.801","points":"095"},"open":"0.89102","low":"0.89225","offer":{"big":"0.979","points":"099"}}],"pairName":"EUR-GBP"}
{"timestamp":"1570097659081","tiers":[{"high":"0.88951","bid":{"big":"0.89","points":"095"},"open":"0.89102","low":"0.89225","offer":{"big":"0.89","points":"101"}},{"high":"0.88951","bid":{"big":"0.8455","points":"095"},"open":"0.89102","low":"0.89225","offer":{"big":"0.9345","points":"101"}},{"high":"0.88951","bid":{"big":"0.801","points":"095"},"open":"0.89102","low":"0.89225","offer":{"big":"0.979","points":"101"}}],"pairName":"EUR-GBP"}
{"timestamp":"1570097660258","tiers":[{"high":"0.88951","bid":{"big":"0.89","points":"095"},"open":"0.89102","low":"0.89225","offer":{"big":"0.89","points":"099"}},{"high":"0.88951","bid":{"big":"0.8455","points":"095"},"open":"0.89102","low":"0.89225","offer":{"big":"0.9345","points":"099"}},{"high":"0.88951","bid":{"big":"0.801","points":"095"},"open":"0.89102","low":"0.89225","offer":{"big":"0.979","points":"099"}}],"pairName":"EUR-GBP"}
{"timestamp":"1570097665698","tiers":[{"high":"0.88951","bid":{"big":"0.89","points":"093"},"open":"0.89102","low":"0.89225","offer":{"big":"0.89","points":"099"}},{"high":"0.88951","bid":{"big":"0.8455","points":"093"},"open":"0.89102","low":"0.89225","offer":{"big":"0.9345","points":"099"}},{"high":"0.88951","bid":{"big":"0.801","points":"093"},"open":"0.89102","low":"0.89225","offer":{"big":"0.979","points":"099"}}],"pairName":"EUR-GBP"}
{"timestamp":"1570097672964","tiers":[{"high":"0.88951","bid":{"big":"0.89","points":"090"},"open":"0.89102","low":"0.89225","offer":{"big":"0.89","points":"096"}},{"high":"0.88951","bid":{"big":"0.8455","points":"090"},"open":"0.89102","low":"0.89225","offer":{"big":"0.9345","points":"096"}},{"high":"0.88951","bid":{"big":"0.801","points":"090"},"open":"0.89102","low":"0.89225","offer":{"big":"0.979","points":"096"}}],"pairName":"EUR-GBP"}
{"timestamp":"1570097677578","tiers":[{"high":"0.88951","bid":{"big":"0.89","points":"092"},"open":"0.89102","low":"0.89225","offer":{"big":"0.89","points":"098"}},{"high":"0.88951","bid":{"big":"0.8455","points":"092"},"open":"0.89102","low":"0.89225","offer":{"big":"0.9345","points":"098"}},{"high":"0.88951","bid":{"big":"0.801","points":"092"},"open":"0.89102","low":"0.89225","offer":{"big":"0.979","points":"098"}}],"pairName":"EUR-GBP"}
{"timestamp":"1570097688576","tiers":[{"high":"0.88951","bid":{"big":"0.89","points":"093"},"open":"0.89102","low":"0.89225","offer":{"big":"0.89","points":"098"}},{"high":"0.88951","bid":{"big":"0.8455","points":"093"},"open":"0.89102","low":"0.89225","offer":{"big":"0.9345","points":"098"}},{"high":"0.88951","bid":{"big":"0.801","points":"093"},"open":"0.89102","low":"0.89225","offer":{"big":"0.979","points":"098"}}],"pairName":"EUR-GBP"}
{"timestamp":"1570097689356","tiers":[{"high":"0.88951","bid":{"big":"0.89","points":"093"},"open":"0.89102","low":"0.89225","offer":{"big":"0.89","points":"099"}},{"high":"0.88951","bid":{"big":"0.8455","points":"093"},"open":"0.89102","low":"0.89225","offer":{"big":"0.9345","points":"099"}},{"high":"0.88951","bid":{"big":"0.801","points":"093"},"open":"0.89102","low":"0.89225","offer":{"big":"0.979","points":"099"}}],"pairName":"EUR-GBP"}
{"timestamp":"1570097692836","tiers":[{"high":"0.88951","bid":{"big":"0.89","points":"095"},"open":"0.89102","low":"0.89225","offer":{"big":"0.89","points":"101"}},{"high":"0.88951","bid":{"big":"0.8455","points":"095"},"open":"0.89102","low":"0.89225","offer":{"big":"0.9345","points":"101"}},{"high":"0.88951","bid":{"big":"0.801","points":"095"},"open":"0.89102","low":"0.89225","offer":{"big":"0.979","points":"101"}}],"pairName":"EUR-GBP"}
{"timestamp":"1570097693618","tiers":[{"high":"0.88951","bid":{"big":"0.89","points":"095"},"open":"0.89102","low":"0.89225","offer":{"big":"0.89","points":"101"}},{"high":"0.88951","bid":{"big":"0.8455","points":"095"},"open":"0.89102","low":"0.89225","offer":{"big":"0.9345","points":"101"}},{"high":"0.88951","bid":{"big":"0.801","points":"095"},"open":"0.89102","low":"0.89225","offer":{"big":"0.979","points":"101"}}],"pairName":"EUR-GBP"}
{"timestamp":"1570097700934","tiers":[{"high":"0.88951","bid":{"big":"0.89","points":"092"},"open":"0.89102","low":"0.89225","offer":{"big":"0.89","points":"098"}},{"high":"0.88951","bid":{"big":"0.8455","points":"092"},"open":"0.89102","low":"0.89225","offer":{"big":"0.9345","points":"098"}},{"high":"0.88951","bid":{"big":"0.801","points":"092"},"open":"0.89102","low":"0.89225","offer":{"big":"0.979","points":"098"}}],"pairName":"EUR-GBP"}
{"timestamp":"1570097702567","tiers":[{"high":"0.88951","bid":{"big":"0.89","points":"092"},"open":"0.89102","low":"0.89225","offer":{"big":"0.89","points":"098"}},{"high":"0.88951","bid":{"big":"0.8455","points":"092"},"open":"0.89102","low":"0.89225","offer":{"big":"0.9345","points":"098"}},{"high":"0.88951","bid":{"big":"0.801","points":"092"},"open":"0.89102","low":"0.89225","offer":{"big":"0.979","points":"098"}}],"pairName":"EUR-GBP"}
{"timestamp":"1570097709456","tiers":[{"high":"0.88951","bid":{"big":"0.89","points":"093"},"open":"0.89102","low":"0.89225","offer":{"big":"0.89","points":"101"}},{"high":"0.88951","bid":{"big":"0.8455","points":"093"},"open":"0.89102","low":"0.89225","offer":{"big":"0.9345","points":"101"}},{"high":"0.88951","bid":{"big":"0.801","points":"093"},"open":"0.89102","low":"0.89225","offer":{"big":"0.979","points":"101"}}],"pairName":"EUR-GBP"}
{"timestamp":"1570097710562","tiers":[{"high":"0.88951","bid":{"big":"0.89","points":"093"},"open":"0.89102","low":"0.89225","offer":{"big":"0.89","points":"098"}},{"high":"0.88951","bid":{"big":"0.8455","points":"093"},"open":"0.89102","low":"0.89225","offer":{"big":"0.9345","points":"098"}},{"high":"0.88951","bid":{"big":"0.801","points":"093"},"open":"0.89102","low":"0.89225","offer":{"big":"0.979","points":"098"}}],"pairName":"EUR-GBP"}
{"timestamp":"1570097711234","tiers":[{"high":"0.88951","bid":{"big":"0.89","points":"093"},"open":"0.89102","low":"0.89225","offer":{"big":"0.89","points":"099"}},{"high":"0.88951","bid":{"big":"0.8455","points":"093"},"open":"0.89102","low":"0.89225","offer":{"big":"0.9345","points":"099"}},{"high":"0.88951","bid":{"big":"0.801","points":"093"},"open":"0.89102","low":"0.89225","offer":{"big":"0.979","points":"099"}}],"pairName":"EUR-GBP"}
{"timestamp":"1570097712427","tiers":[{"high":"0.88951","bid":{"big":"0.89","points":"095"},"open":"0.89102","low":"0.89225","offer":{"big":"0.89","points":"101"}},{"high":"0.88951","bid":{"big":"0.8455","points":"095"},"open":"0.89102","low":"0.89225","offer":{"big":"0.9345","points":"101"}},{"high":"0.88951","bid":{"big":"0.801","points":"095"},"open":"0.89102","low":"0.89225","offer":{"big":"0.979","points":"101"}}],"pairName":"EUR-GBP"}
{"timestamp":"1570097719150","tiers":[{"high":"0.88951","bid":{"big":"0.89","points":"090"},"open":"0.89102","low":"0.89225","offer":{"big":"0.89","points":"098"}},{"high":"0.88951","bid":{"big":"0.8455","points":"090"},"open":"0.89102","low":"0.89225","offer":{"big":"0.9345","points":"098"}},{"high":"0.88951","bid":{"big":"0.801","points":"090"},"open":"0.89102","low":"0.89225","offer":{"big":"0.979","points":"098"}}],"pairName":"EUR-GBP"}
{"timestamp":"1570097719350","tiers":[{"high":"0.88951","bid":{"big":"0.89","points":"088"},"open":"0.89102","low":"0.89225","offer":{"big":"0.89","points":"093"}},{"high":"0.88951","bid":{"big":"0.8455","points":"088"},"open":"0.89102","low":"0.89225","offer":{"big":"0.9345","points":"093"}},{"high":"0.88951","bid":{"big":"0.801","points":"088"},"open":"0.89102","low":"0.89225","offer":{"big":"0.979","points":"093"}}],"pairName":"EUR-GBP"}
{"timestamp":"1570097720355","tiers":[{"high":"0.88951","bid":{"big":"0.89","points":"088"},"open":"0.89102","low":"0.89225","offer":{"big":"0.89","points":"094"}},{"high":"0.88951","bid":{"big":"0.8455","points":"088"},"open":"0.89102","low":"0.89225","offer":{"big":"0.9345","points":"094"}},{"high":"0.88951","bid":{"big":"0.801","points":"088"},"open":"0.89102","low":"0.89225","offer":{"big":"0.979","points":"094"}}],"pairName":"EUR-GBP"}
{"timestamp":"1570097725378","tiers":[{"high":"0.88951","bid":{"big":"0.89","points":"090"},"open":"0.89102","low":"0.89225","offer":{"big":"0.89","points":"094"}},{"high":"0.88951","bid":{"big":"0.8455","points":"090"},"open":"0.89102","low":"0.89225","offer":{"big":"0.9345","points":"094"}},{"high":"0.88951","bid":{"big":"0.801","points":"090"},"open":"0.89102","low":"0.89225","offer":{"big":"0.979","points":"094"}}],"pairName":"EUR-GBP"}
{"timestamp":"1570097729013","tiers":[{"high":"0.88951","bid":{"big":"0.89","points":"093"},"open":"0.89102","low":"0.89225","offer":{"big":"0.89","points":"101"}},{"high":"0.88951","bid":{"big":"0.8455","points":"093"},"open":"0.89102","low":"0.89225","offer":{"big":"0.9345","points":"101"}},{"high":"0.88951","bid":{"big":"0.801","points":"093"},"open":"0.89102","low":"0.89225","offer":{"big":"0.979","points":"101"}}],"pairName":"EUR-GBP"}
{"timestamp":"1570097729269","tiers":[{"high":"0.88951","bid":{"big":"0.89","points":"095"},"open":"0.89102","low":"0.89225","offer":{"big":"0.89","points":"101"}},{"high":"0.88951","bid":{"big":"0.8455","points":"095"},"open":"0.89102","low":"0.89225","offer":{"big":"0.9345","points":"101"}},{"high":"0.88951","bid":{"big":"0.801","points":"095"},"open":"0.89102","low":"0.89225","offer":{"big":"0.979","points":"101"}}],"pairName":"EUR-GBP"}
{"timestamp":"1570097738060","tiers":[{"high":"0.88951","bid":{"big":"0.89","points":"095"},"open":"0.89102","low":"0.89225","offer":{"big":"0.89","points":"103"}},{"high":"0.88951","bid":{"big":"0.8455","points":"095"},"open":"0.89102","low":"0.89225","offer":{"big":"0.9345","points":"103"}},{"high":"0.88951","bid":{"big":"0.801","points":"095"},"open":"0.89102","low":"0.89225","offer":{"big":"0.979","points":"103"}}],"pairName":"EUR-GBP"}
{"timestamp":"1570097740366","tiers":[{"high":"0.88951","bid":{"big":"0.89","points":"095"},"open":"0.89102","low":"0.89225","offer":{"big":"0.89","points":"101"}},{"high":"0.88951","bid":{"big":"0.8455","points":"095"},"open":"0.89102","low":"0.89225","offer":{"big":"0.9345","points":"101"}},{"high":"0.88951","bid":{"big":"0.801","points":"095"},"open":"0.89102","low":"0.89225","offer":{"big":"0.979","points":"101"}}],"pairName":"EUR-GBP"}
{"timestamp":"1570097745218","tiers":[{"high":"0.88951","bid":{"big":"0.89","points":"090"},"open":"0.89102","low":"0.89225","offer":{"big":"0.89","points":"096"}},{"high":"0.88951","bid":{"big":"0.8455","points":"090"},"open":"0.89102","low":"0.89225","offer":{"big":"0.9345","points":"096"}},{"high":"0.88951","bid":{"big":"0.801","points":"090"},"open":"0.89102","low":"0.89225","offer":{"big":"0.979","points":"096"}}],"pairName":"EUR-GBP"}
{"timestamp":"1570097745694","tiers":[{"high":"0.88951","bid":{"big":"0.89","points":"090"},"open":"0.89102","low":"0.89225","offer":{"big":"0.89","points":"094"}},{"high":"0.88951","bid":{"big":"0.8455","points":"090"},"open":"0.89102","low":"0.89225","offer":{"big":"0.9345","points":"094"}},{"high":"0.88951","bid":{"big":"0.801","points":"090"},"open":"0.89102","low":"0.89225","offer":{"big":"0.979","points":"094"}}],"pairName":"EUR-GBP"}
{"timestamp":"1570097746268","tiers":[{"high":"0.88951","bid":{"big":"0.89","points":"088"},"open":"0.89102","low":"0.89225","offer":{"big":"0.89","points":"094"}},{"high":"0.88951","bid":{"big":"0.8455","points":"088"},"open":"0.89102","low":"0.89225","offer":{"big":"0.9345","points":"094"}},{"high":"0.88951","bid":{"big":"0.801","points":"088"},"open":"0.89102","low":"0.89225","offer":{"big":"0.979","points":"094"}}],"pairName":"EUR-GBP"}
{"timestamp":"1570097748450","tiers":[{"high":"0.88951","bid":{"big":"0.89","points":"090"},"open":"0.89102","low":"0.89225","offer":{"big":"0.89","points":"094"}},{"high":"0.88951","bid":{"big":"0.8455","points":"090"},"open":"0.89102","low":"0.89225","offer":{"big":"0.9345","points":"094"}},{"high":"0.88951","bid":{"big":"0.801","points":"090"},"open":"0.89102","low":"0.89225","offer":{"big":"0.979","points":"094"}}],"pairName":"EUR-GBP"}
{"timestamp":"1570097751200","tiers":[{"high":"0.88951","bid":{"big":"0.89","points":"092"},"open":"0.89102","low":"0.89225","offer":{"big":"0.89","points":"098"}},{"high":"0.88951","bid":{"big":"0.8455","points":"092"},"open":"0.89102","low":"0.89225","offer":{"big":"0.9345","points":"098"}},{"high":"0.88951","bid":{"big":"0.801","points":"092"},"open":"0.89102","low":"0.89225","offer":{"big":"0.979","points":"098"}}],"pairName":"EUR-GBP"}
{"timestamp":"1570097751915","tiers":[{"high":"0.88951","bid":{"big":"0.89","points":"093"},"open":"0.89102","low":"0.89225","offer":{"big":"0.89","points":"099"}},{"high":"0.88951","bid":{"big":"0.8455","points":"093"},"open":"0.89102","low":"0.89225","offer":{"big":"0.9345","points":"099"}},{"high":"0.88951","bid":{"big":"0.801","points":"093"},"open":"0.89102","low":"0.89225","offer":{"big":"0.979","points":"099"}}],"pairName":"EUR-GBP"}
{"timestamp":"1570097752372","tiers":[{"high":"0.88951","bid":{"big":"0.89","points":"092"},"open":"0.89102","low":"0.89225","offer":{"big":"0.89","points":"098"}},{"high":"0.88951","bid":{"big":"0.8455","points":"092"},"open":"0.89102","low":"0.89225","offer":{"big":"0.9345","points":"098"}},{"high":"0.88951","bid":{"big":"0.801","points":"092"},"open":"0.89102","low":"0.89225","offer":{"big":"0.979","points":"098"}}],"pairName":"EUR-GBP"}
{"timestamp":"1570097754006","tiers":[{"high":"0.88951","bid":{"big":"0.89","points":"092"},"open":"0.89102","low":"0.89225","offer":{"big":"0.89","points":"096"}},{"high":"0.88951","bid":{"big":"0.8455","points":"092"},"open":"0.89102","low":"0.89225","offer":{"big":"0.9345","points":"096"}},{"high":"0.88951","bid":{"big":"0.801","points":"092"},"open":"0.89102","low":"0.89225","offer":{"big":"0.979","points":"096"}}],"pairName":"EUR-GBP"}
{"timestamp":"1570097756207","tiers":[{"high":"0.88951","bid":{"big":"0.89","points":"093"},"open":"0.89102","low":"0.89225","offer":{"big":"0.89","points":"098"}},{"high":"0.88951","bid":{"big":"0.8455","points":"093"},"open":"0.89102","low":"0.89225","offer":{"big":"0.9345","points":"098"}},{"high":"0.88951","bid":{"big":"0.801","points":"093"},"open":"0.89102","low":"0.89225","offer":{"big":"0.979","points":"098"}}],"pairName":"EUR-GBP"}
{"timestamp":"1570097757139","tiers":[{"high":"0.88951","bid":{"big":"0.89","points":"093"},"open":"0.89102","low":"0.89225","offer":{"big":"0.89","points":"098"}},{"high":"0.88951","bid":{"big":"0.8455","points":"093"},"open":"0.89102","low":"0.89225","offer":{"big":"0.9345","points":"098"}},{"high":"0.88951","bid":{"big":"0.801","points":"093"},"open":"0.89102","low":"0.89225","offer":{"big":"0.979","points":"098"}}],"pairName":"EUR-GBP"}
{"timestamp":"1570097758167","tiers":[{"high":"0.88951","bid":{"big":"0.89","points":"085"},"open":"0.89102","low":"0.89225","offer":{"big":"0.89","points":"091"}},{"high":"0.88951","bid":{"big":"0.8455","points":"085"},"open":"0.89102","low":"0.89225","offer":{"big":"0.9345","points":"091"}},{"high":"0.88951","bid":{"big":"0.801","points":"085"},"open":"0.89102","low":"0.89225","offer":{"big":"0.979","points":"091"}}],"pairName":"EUR-GBP"}
{"timestamp":"1570097758944","tiers":[{"high":"0.88951","bid":{"big":"0.89","points":"083"},"open":"0.89102","low":"0.89225","offer":{"big":"0.89","points":"089"}},{"high":"0.88951","bid":{"big":"0.8455","points":"083"},"open":"0.89102","low":"0.89225","offer":{"big":"0.9345","points":"089"}},{"high":"0.88951","bid":{"big":"0.801","points":"083"},"open":"0.89102","low":"0.89225","offer":{"big":"0.979","points":"089"}}],"pairName":"EUR-GBP"}
{"timestamp":"1570097760219","tiers":[{"high":"0.88951","bid":{"big":"0.89","points":"085"},"open":"0.89102","low":"0.89225","offer":{"big":"0.89","points":"093"}},{"high":"0.88951","bid":{"big":"0.8455","points":"085"},"open":"0.89102","low":"0.89225","offer":{"big":"0.9345","points":"093"}},{"high":"0.88951","bid":{"big":"0.801","points":"085"},"open":"0.89102","low":"0.89225","offer":{"big":"0.979","points":"093"}}],"pairName":"EUR-GBP"}
{"timestamp":"1570097760614","tiers":[{"high":"0.88951","bid":{"big":"0.89","points":"083"},"open":"0.89102","low":"0.89225","offer":{"big":"0.89","points":"089"}},{"high":"0.88951","bid":{"big":"0.8455","points":"083"},"open":"0.89102","low":"0.89225","offer":{"big":"0.9345","points":"089"}},{"high":"0.88951","bid":{"big":"0.801","points":"083"},"open":"0.89102","low":"0.89225","offer":{"big":"0.979","points":"089"}}],"pairName":"EUR-GBP"}
{"timestamp":"1570097763781","tiers":[{"high":"0.88951","bid":{"big":"0.89","points":"092"},"open":"0.89102","low":"0.89225","offer":{"big":"0.89","points":"098"}},{"high":"0.88951","bid":{"big":"0.8455","points":"092"},"open":"0.89102","low":"0.89225","offer":{"big":"0.9345","points":"098"}},{"high":"0.88951","bid":{"big":"0.801","points":"092"},"open":"0.89102","low":"0.89225","offer":{"big":"0.979","points":"098"}}],"pairName":"EUR-GBP"}
{"timestamp":"1570097765018","tiers":[{"high":"0.88951","bid":{"big":"0.89","points":"088"},"open":"0.89102","low":"0.89225","offer":{"big":"0.89","points":"096"}},{"high":"0.88951","bid":{"big":"0.8455","points":"088"},"open":"0.89102","low":"0.89225","offer":{"big":"0.9345","points":"096"}},{"high":"0.88951","bid":{"big":"0.801","points":"088"},"open":"0.89102","low":"0.89225","offer":{"big":"0.979","points":"096"}}],"pairName":"EUR-GBP"}
{"timestamp":"1570097766986","tiers":[{"high":"0.88951","bid":{"big":"0.89","points":"081"},"open":"0.89102","low":"0.89225","offer":{"big":"0.89","points":"089"}},{"high":"0.88951","bid":{"big":"0.8455","points":"081"},"open":"0.89102","low":"0.89225","offer":{"big":"0.9345","points":"089"}},{"high":"0.88951","bid":{"big":"0.801","points":"081"},"open":"0.89102","low":"0.89225","offer":{"big":"0.979","points":"089"}}],"pairName":"EUR-GBP"}
{"timestamp":"1570097767948","tiers":[{"high":"0.88951","bid":{"big":"0.89","points":"083"},"open":"0.89102","low":"0.89225","offer":{"big":"0.89","points":"088"}},{"high":"0.88951","bid":{"big":"0.8455","points":"083"},"open":"0.89102","low":"0.89225","offer":{"big":"0.9345","points":"088"}},{"high":"0.88951","bid":{"big":"0.801","points":"083"},"open":"0.89102","low":"0.89225","offer":{"big":"0.979","points":"088"}}],"pairName":"EUR-GBP"}
{"timestamp":"1570097769017","tiers":[{"high":"0.88951","bid":{"big":"0.89","points":"083"},"open":"0.89102","low":"0.89225","offer":{"big":"0.89","points":"089"}},{"high":"0.88951","bid":{"big":"0.8455","points":"083"},"open":"0.89102","low":"0.89225","offer":{"big":"0.9345","points":"089"}},{"high":"0.88951","bid":{"big":"0.801","points":"083"},"open":"0.89102","low":"0.89225","offer":{"big":"0.979","points":"089"}}],"pairName":"EUR-GBP"}
{"timestamp":"1570097772313","tiers":[{"high":"0.88951","bid":{"big":"0.89","points":"083"},"open":"0.89102","low":"0.89225","offer":{"big":"0.89","points":"088"}},{"high":"0.88951","bid":{"big":"0.8455","points":"083"},"open":"0.89102","low":"0.89225","offer":{"big":"0.9345","points":"088"}},{"high":"0.88951","bid":{"big":"0.801","points":"083"},"open":"0.89102","low":"0.89225","offer":{"big":"0.979","points":"088"}}],"pairName":"EUR-GBP"}
{"timestamp":"1570097777129","tiers":[{"high":"0.88951","bid":{"big":"0.89","points":"080"},"open":"0.89102","low":"0.89225","offer":{"big":"0.89","points":"086"}},{"high":"0.88951","bid":{"big":"0.8455","points":"080"},"open":"0.89102","low":"0.89225","offer":{"big":"0.9345","points":"086"}},{"high":"0.88951","bid":{"big":"0.801","points":"080"},"open":"0.89102","low":"0.89225","offer":{"big":"0.979","points":"086"}}],"pairName":"EUR-GBP"}
{"timestamp":"1570097778232","tiers":[{"high":"0.88951","bid":{"big":"0.89","points":"073"},"open":"0.89102","low":"0.89225","offer":{"big":"0.89","points":"079"}},{"high":"0.88951","bid":{"big":"0.8455","points":"073"},"open":"0.89102","low":"0.89225","offer":{"big":"0.9345","points":"079"}},{"high":"0.88951","bid":{"big":"0.801","points":"073"},"open":"0.89102","low":"0.89225","offer":{"big":"0.979","points":"079"}}],"pairName":"EUR-GBP"}
{"timestamp":"1570097778859","tiers":[{"high":"0.88951","bid":{"big":"0.89","points":"076"},"open":"0.89102","low":"0.89225","offer":{"big":"0.89","points":"082"}},{"high":"0.88951","bid":{"big":"0.8455","points":"076"},"open":"0.89102","low":"0.89225","offer":{"big":"0.9345","points":"082"}},{"high":"0.88951","bid":{"big":"0.801","points":"076"},"open":"0.89102","low":"0.89225","offer":{"big":"0.979","points":"082"}}],"pairName":"EUR-GBP"}
{"timestamp":"1570097779957","tiers":[{"high":"0.88951","bid":{"big":"0.89","points":"078"},"open":"0.89102","low":"0.89225","offer":{"big":"0.89","points":"084"}},{"high":"0.88951","bid":{"big":"0.8455","points":"078"},"open":"0.89102","low":"0.89225","offer":{"big":"0.9345","points":"084"}},{"high":"0.88951","bid":{"big":"0.801","points":"078"},"open":"0.89102","low":"0.89225","offer":{"big":"0.979","points":"084"}}],"pairName":"EUR-GBP"}
{"timestamp":"1570097785699","tiers":[{"high":"0.88951","bid":{"big":"0.89","points":"078"},"open":"0.89102","low":"0.89225","offer":{"big":"0.89","points":"084"}},{"high":"0.88951","bid":{"big":"0.8455","points":"078"},"open":"0.89102","low":"0.89225","offer":{"big":"0.9345","points":"084"}},{"high":"0.88951","bid":{"big":"0.801","points":"078"},"open":"0.89102","low":"0.89225","offer":{"big":"0.979","points":"084"}}],"pairName":"EUR-GBP"}
{"timestamp":"1570097787192","tiers":[{"high":"0.88951","bid":{"big":"0.89","points":"081"},"open":"0.89102","low":"0.89225","offer":{"big":"0.89","points":"086"}},{"high":"0.88951","bid":{"big":"0.8455","points":"081"},"open":"0.89102","low":"0.89225","offer":{"big":"0.9345","points":"086"}},{"high":"0.88951","bid":{"big":"0.801","points":"081"},"open":"0.89102","low":"0.89225","offer":{"big":"0.979","points":"086"}}],"pairName":"EUR-GBP"}
{"timestamp":"1570097788363","tiers":[{"high":"0.88951","bid":{"big":"0.89","points":"083"},"open":"0.89102","low":"0.89225","offer":{"big":"0.89","points":"088"}},{"high":"0.88951","bid":{"big":"0.8455","points":"083"},"open":"0.89102","low":"0.89225","offer":{"big":"0.9345","points":"088"}},{"high":"0.88951","bid":{"big":"0.801","points":"083"},"open":"0.89102","low":"0.89225","offer":{"big":"0.979","points":"088"}}],"pairName":"EUR-GBP"}
{"timestamp":"1570097791049","tiers":[{"high":"0.88951","bid":{"big":"0.89","points":"080"},"open":"0.89102","low":"0.89225","offer":{"big":"0.89","points":"084"}},{"high":"0.88951","bid":{"big":"0.8455","points":"080"},"open":"0.89102","low":"0.89225","offer":{"big":"0.9345","points":"084"}},{"high":"0.88951","bid":{"big":"0.801","points":"080"},"open":"0.89102","low":"0.89225","offer":{"big":"0.979","points":"084"}}],"pairName":"EUR-GBP"}
{"timestamp":"1570097792075","tiers":[{"high":"0.88951","bid":{"big":"0.89","points":"083"},"open":"0.89102","low":"0.89225","offer":{"big":"0.89","points":"086"}},{"high":"0.88951","bid":{"big":"0.8455","points":"083"},"open":"0.89102","low":"0.89225","offer":{"big":"0.9345","points":"086"}},{"high":"0.88951","bid":{"big":"0.801","points":"083"},"open":"0.89102","low":"0.89225","offer":{"big":"0.979","points":"086"}}],"pairName":"EUR-GBP"}
{"timestamp":"1570097792593","tiers":[{"high":"0.88951","bid":{"big":"0.89","points":"080"},"open":"0.89102","low":"0.89225","offer":{"big":"0.89","points":"084"}},{"high":"0.88951","bid":{"big":"0.8455","points":"080"},"open":"0.89102","low":"0.89225","offer":{"big":"0.9345","points":"084"}},{"high":"0.88951","bid":{"big":"0.801","points":"080"},"open":"0.89102","low":"0.89225","offer":{"big":"0.979","points":"084"}}],"pairName":"EUR-GBP"}
{"timestamp":"1570097793564","tiers":[{"high":"0.88951","bid":{"big":"0.89","points":"080"},"open":"0.89102","low":"0.89225","offer":{"big":"0.89","points":"086"}},{"high":"0.88951","bid":{"big":"0.8455","points":"080"},"open":"0.89102","low":"0.89225","offer":{"big":"0.9345","points":"086"}},{"high":"0.88951","bid":{"big":"0.801","points":"080"},"open":"0.89102","low":"0.89225","offer":{"big":"0.979","points":"086"}}],"pairName":"EUR-GBP"}
{"timestamp":"1570097795039","tiers":[{"high":"0.88951","bid":{"big":"0.89","points":"080"},"open":"0.89102","low":"0.89225","offer":{"big":"0.89","points":"082"}},{"high":"0.88951","bid":{"big":"0.8455","points":"080"},"open":"0.89102","low":"0.89225","offer":{"big":"0.9345","points":"082"}},{"high":"0.88951","bid":{"big":"0.801","points":"080"},"open":"0.89102","low":"0.89225","offer":{"big":"0.979","points":"082"}}],"pairName":"EUR-GBP"}
{"timestamp":"1570097796173","tiers":[{"high":"0.88951","bid":{"big":"0.89","points":"076"},"open":"0.89102","low":"0.89225","offer":{"big":"0.89","points":"081"}},{"high":"0.88951","bid":{"big":"0.8455","points":"076"},"open":"0.89102","low":"0.89225","offer":{"big":"0.9345","points":"081"}},{"high":"0.88951","bid":{"big":"0.801","points":"076"},"open":"0.89102","low":"0.89225","offer":{"big":"0.979","points":"081"}}],"pairName":"EUR-GBP"}
{"timestamp":"1570097798015","tiers":[{"high":"0.88951","bid":{"big":"0.89","points":"073"},"open":"0.89102","low":"0.89225","offer":{"big":"0.89","points":"081"}},{"high":"0.88951","bid":{"big":"0.8455","points":"073"},"open":"0.89102","low":"0.89225","offer":{"big":"0.9345","points":"081"}},{"high":"0.88951","bid":{"big":"0.801","points":"073"},"open":"0.89102","low":"0.89225","offer":{"big":"0.979","points":"081"}}],"pairName":"EUR-GBP"}
{"timestamp":"1570097798672","tiers":[{"high":"0.88951","bid":{"big":"0.89","points":"073"},"open":"0.89102","low":"0.89225","offer":{"big":"0.89","points":"079"}},{"high":"0.88951","bid":{"big":"0.8455","points":"073"},"open":"0.89102","low":"0.89225","offer":{"big":"0.9345","points":"079"}},{"high":"0.88951","bid":{"big":"0.801","points":"073"},"open":"0.89102","low":"0.89225","offer":{"big":"0.979","points":"079"}}],"pairName":"EUR-GBP"}
{"timestamp":"1570097803525","tiers":[{"high":"0.88951","bid":{"big":"0.89","points":"073"},"open":"0.89102","low":"0.89225","offer":{"big":"0.89","points":"076"}},{"high":"0.88951","bid":{"big":"0.8455","points":"073"},"open":"0.89102","low":"0.89225","offer":{"big":"0.9345","points":"076"}},{"high":"0.88951","bid":{"big":"0.801","points":"073"},"open":"0.89102","low":"0.89225","offer":{"big":"0.979","points":"076"}}],"pairName":"EUR-GBP"}
{"timestamp":"1570097804707","tiers":[{"high":"0.88951","bid":{"big":"0.89","points":"073"},"open":"0.89102","low":"0.89225","offer":{"big":"0.89","points":"079"}},{"high":"0.88951","bid":{"big":"0.8455","points":"073"},"open":"0.89102","low":"0.89225","offer":{"big":"0.9345","points":"079"}},{"high":"0.88951","bid":{"big":"0.801","points":"073"},"open":"0.89102","low":"0.89225","offer":{"big":"0.979","points":"079"}}],"pairName":"EUR-GBP"}
{"timestamp":"1570097805545","tiers":[{"high":"0.88951","bid":{"big":"0.89","points":"073"},"open":"0.89102","low":"0.89225","offer":{"big":"0.89","points":"077"}},{"high":"0.88951","bid":{"big":"0.8455","points":"073"},"open":"0.89102","low":"0.89225","offer":{"big":"0.9345","points":"077"}},{"high":"0.88951","bid":{"big":"0.801","points":"073"},"open":"0.89102","low":"0.89225","offer":{"big":"0.979","points":"077"}}],"pairName":"EUR-GBP"}
{"timestamp":"1570097806866","tiers":[{"high":"0.88951","bid":{"big":"0.89","points":"073"},"open":"0.89102","low":"0.89225","offer":{"big":"0.89","points":"079"}},{"high":"0.88951","bid":{"big":"0.8455","points":"073"},"open":"0.89102","low":"0.89225","offer":{"big":"0.9345","points":"079"}},{"high":"0.88951","bid":{"big":"0.801","points":"073"},"open":"0.89102","low":"0.89225","offer":{"big":"0.979","points":"079"}}],"pairName":"EUR-GBP"}
{"timestamp":"1570097807718","tiers":[{"high":"0.88951","bid":{"big":"0.89","points":"073"},"open":"0.89102","low":"0.89225","offer":{"big":"0.89","points":"077"}},{"high":"0.88951","bid":{"big":"0.8455","points":"073"},"open":"0.89102","low":"0.89225","offer":{"big":"0.9345","points":"077"}},{"high":"0.88951","bid":{"big":"0.801","points":"073"},"open":"0.89102","low":"0.89225","offer":{"big":"0.979","points":"077"}}],"pairName":"EUR-GBP"}
{"timestamp":"1570097809466","tiers":[{"high":"0.88951","bid":{"big":"0.89","points":"073"},"open":"0.89102","low":"0.89225","offer":{"big":"0.89","points":"079"}},{"high":"0.88951","bid":{"big":"0.8455","points":"073"},"open":"0.89102","low":"0.89225","offer":{"big":"0.9345","points":"079"}},{"high":"0.88951","bid":{"big":"0.801","points":"073"},"open":"0.89102","low":"0.89225","offer":{"big":"0.979","points":"079"}}],"pairName":"EUR-GBP"}
{"timestamp":"1570097810899","tiers":[{"high":"0.88951","bid":{"big":"0.89","points":"071"},"open":"0.89102","low":"0.89225","offer":{"big":"0.89","points":"079"}},{"high":"0.88951","bid":{"big":"0.8455","points":"071"},"open":"0.89102","low":"0.89225","offer":{"big":"0.9345","points":"079"}},{"high":"0.88951","bid":{"big":"0.801","points":"071"},"open":"0.89102","low":"0.89225","offer":{"big":"0.979","points":"079"}}],"pairName":"EUR-GBP"}
{"timestamp":"1570097812251","tiers":[{"high":"0.88951","bid":{"big":"0.89","points":"071"},"open":"0.89102","low":"0.89225","offer":{"big":"0.89","points":"077"}},{"high":"0.88951","bid":{"big":"0.8455","points":"071"},"open":"0.89102","low":"0.89225","offer":{"big":"0.9345","points":"077"}},{"high":"0.88951","bid":{"big":"0.801","points":"071"},"open":"0.89102","low":"0.89225","offer":{"big":"0.979","points":"077"}}],"pairName":"EUR-GBP"}
{"timestamp":"1570097813014","tiers":[{"high":"0.88951","bid":{"big":"0.89","points":"068"},"open":"0.89102","low":"0.89225","offer":{"big":"0.89","points":"076"}},{"high":"0.88951","bid":{"big":"0.8455","points":"068"},"open":"0.89102","low":"0.89225","offer":{"big":"0.9345","points":"076"}},{"high":"0.88951","bid":{"big":"0.801","points":"068"},"open":"0.89102","low":"0.89225","offer":{"big":"0.979","points":"076"}}],"pairName":"EUR-GBP"}
{"timestamp":"1570097813345","tiers":[{"high":"0.88951","bid":{"big":"0.89","points":"070"},"open":"0.89102","low":"0.89225","offer":{"big":"0.89","points":"076"}},{"high":"0.88951","bid":{"big":"0.8455","points":"070"},"open":"0.89102","low":"0.89225","offer":{"big":"0.9345","points":"076"}},{"high":"0.88951","bid":{"big":"0.801","points":"070"},"open":"0.89102","low":"0.89225","offer":{"big":"0.979","points":"076"}}],"pairName":"EUR-GBP"}
{"timestamp":"1570097815215","tiers":[{"high":"0.88951","bid":{"big":"0.89","points":"066"},"open":"0.89102","low":"0.89225","offer":{"big":"0.89","points":"072"}},{"high":"0.88951","bid":{"big":"0.8455","points":"066"},"open":"0.89102","low":"0.89225","offer":{"big":"0.9345","points":"072"}},{"high":"0.88951","bid":{"big":"0.801","points":"066"},"open":"0.89102","low":"0.89225","offer":{"big":"0.979","points":"072"}}],"pairName":"EUR-GBP"}
{"timestamp":"1570097818258","tiers":[{"high":"0.88951","bid":{"big":"0.89","points":"066"},"open":"0.89102","low":"0.89225","offer":{"big":"0.89","points":"071"}},{"high":"0.88951","bid":{"big":"0.8455","points":"066"},"open":"0.89102","low":"0.89225","offer":{"big":"0.9345","points":"071"}},{"high":"0.88951","bid":{"big":"0.801","points":"066"},"open":"0.89102","low":"0.89225","offer":{"big":"0.979","points":"071"}}],"pairName":"EUR-GBP"}
{"timestamp":"1570097821127","tiers":[{"high":"0.88951","bid":{"big":"0.89","points":"065"},"open":"0.89102","low":"0.89225","offer":{"big":"0.89","points":"071"}},{"high":"0.88951","bid":{"big":"0.8455","points":"065"},"open":"0.89102","low":"0.89225","offer":{"big":"0.9345","points":"071"}},{"high":"0.88951","bid":{"big":"0.801","points":"065"},"open":"0.89102","low":"0.89225","offer":{"big":"0.979","points":"071"}}],"pairName":"EUR-GBP"}
{"timestamp":"1570097821684","tiers":[{"high":"0.88951","bid":{"big":"0.89","points":"063"},"open":"0.89102","low":"0.89225","offer":{"big":"0.89","points":"069"}},{"high":"0.88951","bid":{"big":"0.8455","points":"063"},"open":"0.89102","low":"0.89225","offer":{"big":"0.9345","points":"069"}},{"high":"0.88951","bid":{"big":"0.801","points":"063"},"open":"0.89102","low":"0.89225","offer":{"big":"0.979","points":"069"}}],"pairName":"EUR-GBP"}
{"timestamp":"1570097829070","tiers":[{"high":"0.88951","bid":{"big":"0.89","points":"070"},"open":"0.89102","low":"0.89225","offer":{"big":"0.89","points":"074"}},{"high":"0.88951","bid":{"big":"0.8455","points":"070"},"open":"0.89102","low":"0.89225","offer":{"big":"0.9345","points":"074"}},{"high":"0.88951","bid":{"big":"0.801","points":"070"},"open":"0.89102","low":"0.89225","offer":{"big":"0.979","points":"074"}}],"pairName":"EUR-GBP"}
{"timestamp":"1570097829572","tiers":[{"high":"0.88951","bid":{"big":"0.89","points":"068"},"open":"0.89102","low":"0.89225","offer":{"big":"0.89","points":"076"}},{"high":"0.88951","bid":{"big":"0.8455","points":"068"},"open":"0.89102","low":"0.89225","offer":{"big":"0.9345","points":"076"}},{"high":"0.88951","bid":{"big":"0.801","points":"068"},"open":"0.89102","low":"0.89225","offer":{"big":"0.979","points":"076"}}],"pairName":"EUR-GBP"}