{"previous_close_data":[{"pairName":"EUR-USD","previous_close":"0.67121","last_market":"SINT"},{"pairName":"USD-JPY","previous_close":"0.67060","last_market":"XOFF"},{"pairName":"GBP-USD","previous_close":"0.67003","last_market":"HSFX"},{"pairName":"EUR-GBP","previous_close":"0.67121","last_market":"SINT"},{"pairName":"USD-CHF","previous_close":"0.67060","last_market":"EBSF"},{"pairName":"EUR-JPY","previous_close":"0.63651","last_market":"HSFX"},{"pairName":"EUR-CHF","previous_close":"0.67121","last_market":"XOFF"},{"pairName":"USD-CAD","previous_close":"0.63651","last_market":"SINT"},{"pairName":"AUD-USD","previous_close":"0.67011","last_market":"EBSF"},{"pairName":"GBP-JPY","previous_close":"0.89102","last_market":"FXAL"}]}