{"timestamp":"1570097830267","tiers":[{"high":"1.22652","bid":{"big":"1.22","points":"927"},"open":"1.23067","low":"1.23219","offer":{"big":"1.22","points":"935"}},{"high":"1.22652","bid":{"big":"1.159","points":"927"},"open":"1.23067","low":"1.23219","offer":{"big":"1.281","points":"935"}},{"high":"1.22652","bid":{"big":"1.098","points":"927"},"open":"1.23067","low":"1.23219","offer":{"big":"1.342","points":"935"}}],"pairName":"GBP-USD"}
{"timestamp":"1570097628072","tiers":[{"high":"1.22652","bid":{"big":"1.22","points":"890"},"open":"1.23067","low":"1.23219","offer":{"big":"1.22","points":"898"}},{"high":"1.22652","bid":{"big":"1.159","points":"890"},"open":"1.23067","low":"1.23219","offer":{"big":"1.281","points":"898"}},{"high":"1.22652","bid":{"big":"1.098","points":"890"},"open":"1.23067","low":"1.23219","offer":{"big":"1.342","points":"898"}}],"pairName":"GBP-USD"}
{"timestamp":"1570097628072","tiers":[{"high":"1.22652","bid":{"big":"1.22","points":"890"},"open":"1.23067","low":"1.23219","offer":{"big":"1.22","points":"898"}},{"high":"1.22652","bid":{"big":"1.159","points":"890"},"open":"1.23067","low":"1.23219","offer":{"big":"1.281","points":"898"}},{"high":"1.22652","bid":{"big":"1.098","points":"890"},"open":"1.23067","low":"1.23219","offer":{"big":"1.342","points":"898"}}],"pairName":"GBP-USD"}
{"timestamp":"1570097634099","tiers":[{"high":"1.22652","bid":{"big":"1.22","points":"892"},"open":"1.23067","low":"1.23219","offer":{"big":"1.22","points":"898"}},{"high":"1.22652","bid":{"big":"1.159","points":"892"},"open":"1.23067","low":"1.23219","offer":{"big":"1.281","points":"898"}},{"high":"1.22652","bid":{"big":"1.098","points":"892"},"open":"1.23067","low":"1.23219","offer":{"big":"1.342","points":"898"}}],"pairName":"GBP-USD"}
{"timestamp":"1570097634099","tiers":[{"high":"1.22652","bid":{"big":"1.22","points":"892"},"open":"1.23067","low":"1.23219","offer":{"big":"1.22","points":"898"}},{"high":"1.22652","bid":{"big":"1.159","points":"892"},"open":"1.23067","low":"1.23219","offer":{"big":"1.281","points":"898"}},{"high":"1.22652","bid":{"big":"1.098","points":"892"},"open":"1.23067","low":"1.23219","offer":{"big":"1.342","points":"898"}}],"pairName":"GBP-USD"}
{"timestamp":"1570097636935","tiers":[{"high":"1.22652","bid":{"big":"1.22","points":"890"},"open":"1.23067","low":"1.23219","offer":{"big":"1.22","points":"898"}},{"high":"1.22652","bid":{"big":"1.159","points":"890"},"open":"1.23067","low":"1.23219","offer":{"big":"1.281","points":"898"}},{"high":"1.22652","bid":{"big":"1.098","points":"890"},"open":"1.23067","low":"1.23219","offer":{"big":"1.342","points":"898"}}],"pairName":"GBP-USD"}
{"timestamp":"1570097636935","tiers":[{"high":"1.22652","bid":{"big":"1.22","points":"890"},"open":"1.23067","low":"1.23219","offer":{"big":"1.22","points":"898"}},{"high":"1.22652","bid":{"big":"1.159","points":"890"},"open":"1.23067","low":"1.23219","offer":{"big":"1.281","points":"898"}},{"high":"1.22652","bid":{"big":"1.098","points":"890"},"open":"1.23067","low":"1.23219","offer":{"big":"1.342","points":"898"}}],"pairName":"GBP-USD"}
{"timestamp":"1570097655701","tiers":[{"high":"1.22652","bid":{"big":"1.22","points":"889"},"open":"1.23067","low":"1.23219","offer":{"big":"1.22","points":"898"}},{"high":"1.22652","bid":{"big":"1.159","points":"889"},"open":"1.23067","low":"1.23219","offer":{"big":"1.281","points":"898"}},{"high":"1.22652","bid":{"big":"1.098","points":"889"},"open":"1.23067","low":"1.23219","offer":{"big":"1.342","points":"898"}}],"pairName":"GBP-USD"}
{"timestamp":"1570097655701","tiers":[{"high":"1.22652","bid":{"big":"1.22","points":"889"},"open":"1.23067","low":"1.23219","offer":{"big":"1.22","points":"898"}},{"high":"1.22652","bid":{"big":"1.159","points":"889"},"open":"1.23067","low":"1.23219","offer":{"big":"1.281","points":"898"}},{"high":"1.22652","bid":{"big":"1.098","points":"889"},"open":"1.23067","low":"1.23219","offer":{"big":"1.342","points":"898"}}],"pairName":"GBP-USD"}
{"timestamp":"1570097657303","tiers":[{"high":"1.22652","bid":{"big":"1.22","points":"883"},"open":"1.23067","low":"1.23219","offer":{"big":"1.22","points":"888"}},{"high":"1.22652","bid":{"big":"1.159","points":"883"},"open":"1.23067","low":"1.23219","offer":{"big":"1.281","points":"888"}},{"high":"1.22652","bid":{"big":"1.098","points":"883"},"open":"1.23067","low":"1.23219","offer":{"big":"1.342","points":"888"}}],"pairName":"GBP-USD"}
{"timestamp":"1570097657303","tiers":[{"high":"1.22652","bid":{"big":"1.22","points":"883"},"open":"1.23067","low":"1.23219","offer":{"big":"1.22","points":"888"}},{"high":"1.22652","bid":{"big":"1.159","points":"883"},"open":"1.23067","low":"1.23219","offer":{"big":"1.281","points":"888"}},{"high":"1.22652","bid":{"big":"1.098","points":"883"},"open":"1.23067","low":"1.23219","offer":{"big":"1.342","points":"888"}}],"pairName":"GBP-USD"}
{"timestamp":"1570097659582","tiers":[{"high":"1.22652","bid":{"big":"1.22","points":"882"},"open":"1.23067","low":"1.23219","offer":{"big":"1.22","points":"888"}},{"high":"1.22652","bid":{"big":"1.159","points":"882"},"open":"1.23067","low":"1.23219","offer":{"big":"1.281","points":"888"}},{"high":"1.22652","bid":{"big":"1.098","points":"882"},"open":"1.23067","low":"1.23219","offer":{"big":"1.342","points":"888"}}],"pairName":"GBP-USD"}
{"timestamp":"1570097659582","tiers":[{"high":"1.22652","bid":{"big":"1.22","points":"882"},"open":"1.23067","low":"1.23219","offer":{"big":"1.22","points":"888"}},{"high":"1.22652","bid":{"big":"1.159","points":"882"},"open":"1.23067","low":"1.23219","offer":{"big":"1.281","points":"888"}},{"high":"1.22652","bid":{"big":"1.098","points":"882"},"open":"1.23067","low":"1.23219","offer":{"big":"1.342","points":"888"}}],"pairName":"GBP-USD"}
{"timestamp":"1570097672965","tiers":[{"high":"1.22652","bid":{"big":"1.22","points":"887"},"open":"1.23067","low":"1.23219","offer":{"big":"1.22","points":"897"}},{"high":"1.22652","bid":{"big":"1.159","points":"887"},"open":"1.23067","low":"1.23219","offer":{"big":"1.281","points":"897"}},{"high":"1.22652","bid":{"big":"1.098","points":"887"},"open":"1.23067","low":"1.23219","offer":{"big":"1.342","points":"897"}}],"pairName":"GBP-USD"}
{"timestamp":"1570097672965","tiers":[{"high":"1.22652","bid":{"big":"1.22","points":"887"},"open":"1.23067","low":"1.23219","offer":{"big":"1.22","points":"897"}},{"high":"1.22652","bid":{"big":"1.159","points":"887"},"open":"1.23067","low":"1.23219","offer":{"big":"1.281","points":"897"}},{"high":"1.22652","bid":{"big":"1.098","points":"887"},"open":"1.23067","low":"1.23219","offer":{"big":"1.342","points":"897"}}],"pairName":"GBP-USD"}
{"timestamp":"1570097674890","tiers":[{"high":"1.22652","bid":{"big":"1.22","points":"887"},"open":"1.23067","low":"1.23219","offer":{"big":"1.22","points":"894"}},{"high":"1.22652","bid":{"big":"1.159","points":"887"},"open":"1.23067","low":"1.23219","offer":{"big":"1.281","points":"894"}},{"high":"1.22652","bid":{"big":"1.098","points":"887"},"open":"1.23067","low":"1.23219","offer":{"big":"1.342","points":"894"}}],"pairName":"GBP-USD"}
{"timestamp":"1570097674890","tiers":[{"high":"1.22652","bid":{"big":"1.22","points":"887"},"open":"1.23067","low":"1.23219","offer":{"big":"1.22","points":"894"}},{"high":"1.22652","bid":{"big":"1.159","points":"887"},"open":"1.23067","low":"1.23219","offer":{"big":"1.281","points":"894"}},{"high":"1.22652","bid":{"big":"1.098","points":"887"},"open":"1.23067","low":"1.23219","offer":{"big":"1.342","points":"894"}}],"pairName":"GBP-USD"}
{"timestamp":"1570097676267","tiers":[{"high":"1.22652","bid":{"big":"1.22","points":"887"},"open":"1.23067","low":"1.23219","offer":{"big":"1.22","points":"895"}},{"high":"1.22652","bid":{"big":"1.159","points":"887"},"open":"1.23067","low":"1.23219","offer":{"big":"1.281","points":"895"}},{"high":"1.22652","bid":{"big":"1.098","points":"887"},"open":"1.23067","low":"1.23219","offer":{"big":"1.342","points":"895"}}],"pairName":"GBP-USD"}
{"timestamp":"1570097676267","tiers":[{"high":"1.22652","bid":{"big":"1.22","points":"887"},"open":"1.23067","low":"1.23219","offer":{"big":"1.22","points":"895"}},{"high":"1.22652","bid":{"big":"1.159","points":"887"},"open":"1.23067","low":"1.23219","offer":{"big":"1.281","points":"895"}},{"high":"1.22652","bid":{"big":"1.098","points":"887"},"open":"1.23067","low":"1.23219","offer":{"big":"1.342","points":"895"}}],"pairName":"GBP-USD"}
{"timestamp":"1570097677578","tiers":[{"high":"1.22652","bid":{"big":"1.22","points":"884"},"open":"1.23067","low":"1.23219","offer":{"big":"1.22","points":"894"}},{"high":"1.22652","bid":{"big":"1.159","points":"884"},"open":"1.23067","low":"1.23219","offer":{"big":"1.281","points":"894"}},{"high":"1.22652","bid":{"big":"1.098","points":"884"},"open":"1.23067","low":"1.23219","offer":{"big":"1.342","points":"894"}}],"pairName":"GBP-USD"}
{"timestamp":"1570097677578","tiers":[{"high":"1.22652","bid":{"big":"1.22","points":"884"},"open":"1.23067","low":"1.23219","offer":{"big":"1.22","points":"894"}},{"high":"1.22652","bid":{"big":"1.159","points":"884"},"open":"1.23067","low":"1.23219","offer":{"big":"1.281","points":"894"}},{"high":"1.22652","bid":{"big":"1.098","points":"884"},"open":"1.23067","low":"1.23219","offer":{"big":"1.342","points":"894"}}],"pairName":"GBP-USD"}
{"timestamp":"1570097678616","tiers":[{"high":"1.22652","bid":{"big":"1.22","points":"886"},"open":"1.23067","low":"1.23219","offer":{"big":"1.22","points":"893"}},{"high":"1.22652","bid":{"big":"1.159","points":"886"},"open":"1.23067","low":"1.23219","offer":{"big":"1.281","points":"893"}},{"high":"1.22652","bid":{"big":"1.098","points":"886"},"open":"1.23067","low":"1.23219","offer":{"big":"1.342","points":"893"}}],"pairName":"GBP-USD"}
{"timestamp":"1570097678616","tiers":[{"high":"1.22652","bid":{"big":"1.22","points":"886"},"open":"1.23067","low":"1.23219","offer":{"big":"1.22","points":"893"}},{"high":"1.22652","bid":{"big":"1.159","points":"886"},"open":"1.23067","low":"1.23219","offer":{"big":"1.281","points":"893"}},{"high":"1.22652","bid":{"big":"1.098","points":"886"},"open":"1.23067","low":"1.23219","offer":{"big":"1.342","points":"893"}}],"pairName":"GBP-USD"}
{"timestamp":"1570097680242","tiers":[{"high":"1.22652","bid":{"big":"1.22","points":"886"},"open":"1.23067","low":"1.23219","offer":{"big":"1.22","points":"894"}},{"high":"1.22652","bid":{"big":"1.159","points":"886"},"open":"1.23067","low":"1.23219","offer":{"big":"1.281","points":"894"}},{"high":"1.22652","bid":{"big":"1.098","points":"886"},"open":"1.23067","low":"1.23219","offer":{"big":"1.342","points":"894"}}],"pairName":"GBP-USD"}
{"timestamp":"1570097680242","tiers":[{"high":"1.22652","bid":{"big":"1.22","points":"886"},"open":"1.23067","low":"1.23219","offer":{"big":"1.22","points":"894"}},{"high":"1.22652","bid":{"big":"1.159","points":"886"},"open":"1.23067","low":"1.23219","offer":{"big":"1.281","points":"894"}},{"high":"1.22652","bid":{"big":"1.098","points":"886"},"open":"1.23067","low":"1.23219","offer":{"big":"1.342","points":"894"}}],"pairName":"GBP-USD"}
{"timestamp":"1570097682791","tiers":[{"high":"1.22652","bid":{"big":"1.22","points":"884"},"open":"1.23067","low":"1.23219","offer":{"big":"1.22","points":"894"}},{"high":"1.22652","bid":{"big":"1.159","points":"884"},"open":"1.23067","low":"1.23219","offer":{"big":"1.281","points":"894"}},{"high":"1.22652","bid":{"big":"1.098","points":"884"},"open":"1.23067","low":"1.23219","offer":{"big":"1.342","points":"894"}}],"pairName":"GBP-USD"}
{"timestamp":"1570097682791","tiers":[{"high":"1.22652","bid":{"big":"1.22","points":"884"},"open":"1.23067","low":"1.23219","offer":{"big":"1.22","points":"894"}},{"high":"1.22652","bid":{"big":"1.159","points":"884"},"open":"1.23067","low":"1.23219","offer":{"big":"1.281","points":"894"}},{"high":"1.22652","bid":{"big":"1.098","points":"884"},"open":"1.23067","low":"1.23219","offer":{"big":"1.342","points":"894"}}],"pairName":"GBP-USD"}
{"timestamp":"1570097687430","tiers":[{"high":"1.22652","bid":{"big":"1.22","points":"884"},"open":"1.23067","low":"1.23219","offer":{"big":"1.22","points":"895"}},{"high":"1.22652","bid":{"big":"1.159","points":"884"},"open":"1.23067","low":"1.23219","offer":{"big":"1.281","points":"895"}},{"high":"1.22652","bid":{"big":"1.098","points":"884"},"open":"1.23067","low":"1.23219","offer":{"big":"1.342","points":"895"}}],"pairName":"GBP-USD"}
{"timestamp":"1570097687430","tiers":[{"high":"1.22652","bid":{"big":"1.22","points":"884"},"open":"1.23067","low":"1.23219","offer":{"big":"1.22","points":"895"}},{"high":"1.22652","bid":{"big":"1.159","points":"884"},"open":"1.23067","low":"1.23219","offer":{"big":"1.281","points":"895"}},{"high":"1.22652","bid":{"big":"1.098","points":"884"},"open":"1.23067","low":"1.23219","offer":{"big":"1.342","points":"895"}}],"pairName":"GBP-USD"}
{"timestamp":"1570097688490","tiers":[{"high":"1.22652","bid":{"big":"1.22","points":"882"},"open":"1.23067","low":"1.23219","offer":{"big":"1.22","points":"891"}},{"high":"1.22652","bid":{"big":"1.159","points":"882"},"open":"1.23067","low":"1.23219","offer":{"big":"1.281","points":"891"}},{"high":"1.22652","bid":{"big":"1.098","points":"882"},"open":"1.23067","low":"1.23219","offer":{"big":"1.342","points":"891"}}],"pairName":"GBP-USD"}
{"timestamp":"1570097688490","tiers":[{"high":"1.22652","bid":{"big":"1.22","points":"882"},"open":"1.23067","low":"1.23219","offer":{"big":"1.22","points":"891"}},{"high":"1.22652","bid":{"big":"1.159","points":"882"},"open":"1.23067","low":"1.23219","offer":{"big":"1.281","points":"891"}},{"high":"1.22652","bid":{"big":"1.098","points":"882"},"open":"1.23067","low":"1.23219","offer":{"big":"1.342","points":"891"}}],"pairName":"GBP-USD"}
{"timestamp":"1570097690280","tiers":[{"high":"1.22652","bid":{"big":"1.22","points":"883"},"open":"1.23067","low":"1.23219","offer":{"big":"1.22","points":"891"}},{"high":"1.22652","bid":{"big":"1.159","points":"883"},"open":"1.23067","low":"1.23219","offer":{"big":"1.281","points":"891"}},{"high":"1.22652","bid":{"big":"1.098","points":"883"},"open":"1.23067","low":"1.23219","offer":{"big":"1.342","points":"891"}}],"pairName":"GBP-USD"}
{"timestamp":"1570097690280","tiers":[{"high":"1.22652","bid":{"big":"1.22","points":"883"},"open":"1.23067","low":"1.23219","offer":{"big":"1.22","points":"891"}},{"high":"1.22652","bid":{"big":"1.159","points":"883"},"open":"1.23067","low":"1.23219","offer":{"big":"1.281","points":"891"}},{"high":"1.22652","bid":{"big":"1.098","points":"883"},"open":"1.23067","low":"1.23219","offer":{"big":"1.342","points":"891"}}],"pairName":"GBP-USD"}
{"timestamp":"1570097692846","tiers":[{"high":"1.22652","bid":{"big":"1.22","points":"882"},"open":"1.23067","low":"1.23219","offer":{"big":"1.22","points":"888"}},{"high":"1.22652","bid":{"big":"1.159","points":"882"},"open":"1.23067","low":"1.23219","offer":{"big":"1.281","points":"888"}},{"high":"1.22652","bid":{"big":"1.098","points":"882"},"open":"1.23067","low":"1.23219","offer":{"big":"1.342","points":"888"}}],"pairName":"GBP-USD"}
{"timestamp":"1570097692846","tiers":[{"high":"1.22652","bid":{"big":"1.22","points":"882"},"open":"1.23067","low":"1.23219","offer":{"big":"1.22","points":"888"}},{"high":"1.22652","bid":{"big":"1.159","points":"882"},"open":"1.23067","low":"1.23219","offer":{"big":"1.281","points":"888"}},{"high":"1.22652","bid":{"big":"1.098","points":"882"},"open":"1.23067","low":"1.23219","offer":{"big":"1.342","points":"888"}}],"pairName":"GBP-USD"}
{"timestamp":"1570097696247","tiers":[{"high":"1.22652","bid":{"big":"1.22","points":"880"},"open":"1.23067","low":"1.23219","offer":{"big":"1.22","points":"888"}},{"high":"1.22652","bid":{"big":"1.159","points":"880"},"open":"1.23067","low":"1.23219","offer":{"big":"1.281","points":"888"}},{"high":"1.22652","bid":{"big":"1.098","points":"880"},"open":"1.23067","low":"1.23219","offer":{"big":"1.342","points":"888"}}],"pairName":"GBP-USD"}
{"timestamp":"1570097696247","tiers":[{"high":"1.22652","bid":{"big":"1.22","points":"880"},"open":"1.23067","low":"1.23219","offer":{"big":"1.22","points":"888"}},{"high":"1.22652","bid":{"big":"1.159","points":"880"},"open":"1.23067","low":"1.23219","offer":{"big":"1.281","points":"888"}},{"high":"1.22652","bid":{"big":"1.098","points":"880"},"open":"1.23067","low":"1.23219","offer":{"big":"1.342","points":"888"}}],"pairName":"GBP-USD"}
{"timestamp":"1570097700965","tiers":[{"high":"1.22652","bid":{"big":"1.22","points":"886"},"open":"1.23067","low":"1.23219","offer":{"big":"1.22","points":"894"}},{"high":"1.22652","bid":{"big":"1.159","points":"886"},"open":"1.23067","low":"1.23219","offer":{"big":"1.281","points":"894"}},{"high":"1.22652","bid":{"big":"1.098","points":"886"},"open":"1.23067","low":"1.23219","offer":{"big":"1.342","points":"894"}}],"pairName":"GBP-USD"}
{"timestamp":"1570097700965","tiers":[{"high":"1.22652","bid":{"big":"1.22","points":"886"},"open":"1.23067","low":"1.23219","offer":{"big":"1.22","points":"894"}},{"high":"1.22652","bid":{"big":"1.159","points":"886"},"open":"1.23067","low":"1.23219","offer":{"big":"1.281","points":"894"}},{"high":"1.22652","bid":{"big":"1.098","points":"886"},"open":"1.23067","low":"1.23219","offer":{"big":"1.342","points":"894"}}],"pairName":"GBP-USD"}
{"timestamp":"1570097702979","tiers":[{"high":"1.22652","bid":{"big":"1.22","points":"882"},"open":"1.23067","low":"1.23219","offer":{"big":"1.22","points":"888"}},{"high":"1.22652","bid":{"big":"1.159","points":"882"},"open":"1.23067","low":"1.23219","offer":{"big":"1.281","points":"888"}},{"high":"1.22652","bid":{"big":"1.098","points":"882"},"open":"1.23067","low":"1.23219","offer":{"big":"1.342","points":"888"}}],"pairName":"GBP-USD"}
{"timestamp":"1570097702979","tiers":[{"high":"1.22652","bid":{"big":"1.22","points":"882"},"open":"1.23067","low":"1.23219","offer":{"big":"1.22","points":"888"}},{"high":"1.22652","bid":{"big":"1.159","points":"882"},"open":"1.23067","low":"1.23219","offer":{"big":"1.281","points":"888"}},{"high":"1.22652","bid":{"big":"1.098","points":"882"},"open":"1.23067","low":"1.23219","offer":{"big":"1.342","points":"888"}}],"pairName":"GBP-USD"}
{"timestamp":"1570097703735","tiers":[{"high":"1.22652","bid":{"big":"1.22","points":"879"},"open":"1.23067","low":"1.23219","offer":{"big":"1.22","points":"887"}},{"high":"1.22652","bid":{"big":"1.159","points":"879"},"open":"1.23067","low":"1.23219","offer":{"big":"1.281","points":"887"}},{"high":"1.22652","bid":{"big":"1.098","points":"879"},"open":"1.23067","low":"1.23219","offer":{"big":"1.342","points":"887"}}],"pairName":"GBP-USD"}
{"timestamp":"1570097703735","tiers":[{"high":"1.22652","bid":{"big":"1.22","points":"879"},"open":"1.23067","low":"1.23219","offer":{"big":"1.22","points":"887"}},{"high":"1.22652","bid":{"big":"1.159","points":"879"},"open":"1.23067","low":"1.23219","offer":{"big":"1.281","points":"887"}},{"high":"1.22652","bid":{"big":"1.098","points":"879"},"open":"1.23067","low":"1.23219","offer":{"big":"1.342","points":"887"}}],"pairName":"GBP-USD"}
{"timestamp":"1570097705393","tiers":[{"high":"1.22652","bid":{"big":"1.22","points":"879"},"open":"1.23067","low":"1.23219","offer":{"big":"1.22","points":"888"}},{"high":"1.22652","bid":{"big":"1.159","points":"879"},"open":"1.23067","low":"1.23219","offer":{"big":"1.281","points":"888"}},{"high":"1.22652","bid":{"big":"1.098","points":"879"},"open":"1.23067","low":"1.23219","offer":{"big":"1.342","points":"888"}}],"pairName":"GBP-USD"}
{"timestamp":"1570097705393","tiers":[{"high":"1.22652","bid":{"big":"1.22","points":"879"},"open":"1.23067","low":"1.23219","offer":{"big":"1.22","points":"888"}},{"high":"1.22652","bid":{"big":"1.159","points":"879"},"open":"1.23067","low":"1.23219","offer":{"big":"1.281","points":"888"}},{"high":"1.22652","bid":{"big":"1.098","points":"879"},"open":"1.23067","low":"1.23219","offer":{"big":"1.342","points":"888"}}],"pairName":"GBP-USD"}
{"timestamp":"1570097710243","tiers":[{"high":"1.22652","bid":{"big":"1.22","points":"880"},"open":"1.23067","low":"1.23219","offer":{"big":"1.22","points":"888"}},{"high":"1.22652","bid":{"big":"1.159","points":"880"},"open":"1.23067","low":"1.23219","offer":{"big":"1.281","points":"888"}},{"high":"1.22652","bid":{"big":"1.098","points":"880"},"open":"1.23067","low":"1.23219","offer":{"big":"1.342","points":"888"}}],"pairName":"GBP-USD"}
{"timestamp":"1570097710243","tiers":[{"high":"1.22652","bid":{"big":"1.22","points":"880"},"open":"1.23067","low":"1.23219","offer":{"big":"1.22","points":"888"}},{"high":"1.22652","bid":{"big":"1.159","points":"880"},"open":"1.23067","low":"1.23219","offer":{"big":"1.281","points":"888"}},{"high":"1.22652","bid":{"big":"1.098","points":"880"},"open":"1.23067","low":"1.23219","offer":{"big":"1.342","points":"888"}}],"pairName":"GBP-USD"}
{"timestamp":"1570097710695","tiers":[{"high":"1.22652","bid":{"big":"1.22","points":"882"},"open":"1.23067","low":"1.23219","offer":{"big":"1.22","points":"888"}},{"high":"1.22652","bid":{"big":"1.159","points":"882"},"open":"1.23067","low":"1.23219","offer":{"big":"1.281","points":"888"}},{"high":"1.22652","bid":{"big":"1.098","points":"882"},"open":"1.23067","low":"1.23219","offer":{"big":"1.342","points":"888"}}],"pairName":"GBP-USD"}
{"timestamp":"1570097710695","tiers":[{"high":"1.22652","bid":{"big":"1.22","points":"882"},"open":"1.23067","low":"1.23219","offer":{"big":"1.22","points":"888"}},{"high":"1.22652","bid":{"big":"1.159","points":"882"},"open":"1.23067","low":"1.23219","offer":{"big":"1.281","points":"888"}},{"high":"1.22652","bid":{"big":"1.098","points":"882"},"open":"1.23067","low":"1.23219","offer":{"big":"1.342","points":"888"}}],"pairName":"GBP-USD"}
{"timestamp":"1570097712539","tiers":[{"high":"1.22652","bid":{"big":"1.22","points":"877"},"open":"1.23067","low":"1.23219","offer":{"big":"1.22","points":"887"}},{"high":"1.22652","bid":{"big":"1.159","points":"877"},"open":"1.23067","low":"1.23219","offer":{"big":"1.281","points":"887"}},{"high":"1.22652","bid":{"big":"1.098","points":"877"},"open":"1.23067","low":"1.23219","offer":{"big":"1.342","points":"887"}}],"pairName":"GBP-USD"}
{"timestamp":"1570097712539","tiers":[{"high":"1.22652","bid":{"big":"1.22","points":"877"},"open":"1.23067","low":"1.23219","offer":{"big":"1.22","points":"887"}},{"high":"1.22652","bid":{"big":"1.159","points":"877"},"open":"1.23067","low":"1.23219","offer":{"big":"1.281","points":"887"}},{"high":"1.22652","bid":{"big":"1.098","points":"877"},"open":"1.23067","low":"1.23219","offer":{"big":"1.342","points":"887"}}],"pairName":"GBP-USD"}
{"timestamp":"1570097719150","tiers":[{"high":"1.22652","bid":{"big":"1.22","points":"884"},"open":"1.23067","low":"1.23219","offer":{"big":"1.22","points":"891"}},{"high":"1.22652","bid":{"big":"1.159","points":"884"},"open":"1.23067","low":"1.23219","offer":{"big":"1.281","points":"891"}},{"high":"1.22652","bid":{"big":"1.098","points":"884"},"open":"1.23067","low":"1.23219","offer":{"big":"1.342","points":"891"}}],"pairName":"GBP-USD"}
{"timestamp":"1570097719150","tiers":[{"high":"1.22652","bid":{"big":"1.22","points":"884"},"open":"1.23067","low":"1.23219","offer":{"big":"1.22","points":"891"}},{"high":"1.22652","bid":{"big":"1.159","points":"884"},"open":"1.23067","low":"1.23219","offer":{"big":"1.281","points":"891"}},{"high":"1.22652","bid":{"big":"1.098","points":"884"},"open":"1.23067","low":"1.23219","offer":{"big":"1.342","points":"891"}}],"pairName":"GBP-USD"}
{"timestamp":"1570097719162","tiers":[{"high":"1.22652","bid":{"big":"1.22","points":"886"},"open":"1.23067","low":"1.23219","offer":{"big":"1.22","points":"894"}},{"high":"1.22652","bid":{"big":"1.159","points":"886"},"open":"1.23067","low":"1.23219","offer":{"big":"1.281","points":"894"}},{"high":"1.22652","bid":{"big":"1.098","points":"886"},"open":"1.23067","low":"1.23219","offer":{"big":"1.342","points":"894"}}],"pairName":"GBP-USD"}
{"timestamp":"1570097719162","tiers":[{"high":"1.22652","bid":{"big":"1.22","points":"886"},"open":"1.23067","low":"1.23219","offer":{"big":"1.22","points":"894"}},{"high":"1.22652","bid":{"big":"1.159","points":"886"},"open":"1.23067","low":"1.23219","offer":{"big":"1.281","points":"894"}},{"high":"1.22652","bid":{"big":"1.098","points":"886"},"open":"1.23067","low":"1.23219","offer":{"big":"1.342","points":"894"}}],"pairName":"GBP-USD"}
{"timestamp":"1570097720254","tiers":[{"high":"1.22652","bid":{"big":"1.22","points":"887"},"open":"1.23067","low":"1.23219","offer":{"big":"1.22","points":"897"}},{"high":"1.22652","bid":{"big":"1.159","points":"887"},"open":"1.23067","low":"1.23219","offer":{"big":"1.281","points":"897"}},{"high":"1.22652","bid":{"big":"1.098","points":"887"},"open":"1.23067","low":"1.23219","offer":{"big":"1.342","points":"897"}}],"pairName":"GBP-USD"}
{"timestamp":"1570097720254","tiers":[{"high":"1.22652","bid":{"big":"1.22","points":"887"},"open":"1.23067","low":"1.23219","offer":{"big":"1.22","points":"897"}},{"high":"1.22652","bid":{"big":"1.159","points":"887"},"open":"1.23067","low":"1.23219","offer":{"big":"1.281","points":"897"}},{"high":"1.22652","bid":{"big":"1.098","points":"887"},"open":"1.23067","low":"1.23219","offer":{"big":"1.342","points":"897"}}],"pairName":"GBP-USD"}
{"timestamp":"1570097725303","tiers":[{"high":"1.22652","bid":{"big":"1.22","points":"887"},"open":"1.23067","low":"1.23219","offer":{"big":"1.22","points":"895"}},{"high":"1.22652","bid":{"big":"1.159","points":"887"},"open":"1.23067","low":"1.23219","offer":{"big":"1.281","points":"895"}},{"high":"1.22652","bid":{"big":"1.098","points":"887"},"open":"1.23067","low":"1.23219","offer":{"big":"1.342","points":"895"}}],"pairName":"GBP-USD"}
{"timestamp":"1570097725303","tiers":[{"high":"1.22652","bid":{"big":"1.22","points":"887"},"open":"1.23067","low":"1.23219","offer":{"big":"1.22","points":"895"}},{"high":"1.22652","bid":{"big":"1.159","points":"887"},"open":"1.23067","low":"1.23219","offer":{"big":"1.281","points":"895"}},{"high":"1.22652","bid":{"big":"1.098","points":"887"},"open":"1.23067","low":"1.23219","offer":{"big":"1.342","points":"895"}}],"pairName":"GBP-USD"}
{"timestamp":"1570097726725","tiers":[{"high":"1.22652","bid":{"big":"1.22","points":"886"},"open":"1.23067","low":"1.23219","offer":{"big":"1.22","points":"895"}},{"high":"1.22652","bid":{"big":"1.159","points":"886"},"open":"1.23067","low":"1.23219","offer":{"big":"1.281","points":"895"}},{"high":"1.22652","bid":{"big":"1.098","points":"886"},"open":"1.23067","low":"1.23219","offer":{"big":"1.342","points":"895"}}],"pairName":"GBP-USD"}
{"timestamp":"1570097726725","tiers":[{"high":"1.22652","bid":{"big":"1.22","points":"886"},"open":"1.23067","low":"1.23219","offer":{"big":"1.22","points":"895"}},{"high":"1.22652","bid":{"big":"1.159","points":"886"},"open":"1.23067","low":"1.23219","offer":{"big":"1.281","points":"895"}},{"high":"1.22652","bid":{"big":"1.098","points":"886"},"open":"1.23067","low":"1.23219","offer":{"big":"1.342","points":"895"}}],"pairName":"GBP-USD"}
{"timestamp":"1570097728959","tiers":[{"high":"1.22652","bid":{"big":"1.22","points":"882"},"open":"1.23067","low":"1.23219","offer":{"big":"1.22","points":"888"}},{"high":"1.22652","bid":{"big":"1.159","points":"882"},"open":"1.23067","low":"1.23219","offer":{"big":"1.281","points":"888"}},{"high":"1.22652","bid":{"big":"1.098","points":"882"},"open":"1.23067","low":"1.23219","offer":{"big":"1.342","points":"888"}}],"pairName":"GBP-USD"}
{"timestamp":"1570097728959","tiers":[{"high":"1.22652","bid":{"big":"1.22","points":"882"},"open":"1.23067","low":"1.23219","offer":{"big":"1.22","points":"888"}},{"high":"1.22652","bid":{"big":"1.159","points":"882"},"open":"1.23067","low":"1.23219","offer":{"big":"1.281","points":"888"}},{"high":"1.22652","bid":{"big":"1.098","points":"882"},"open":"1.23067","low":"1.23219","offer":{"big":"1.342","points":"888"}}],"pairName":"GBP-USD"}
{"timestamp":"1570097743914","tiers":[{"high":"1.22652","bid":{"big":"1.22","points":"883"},"open":"1.23067","low":"1.23219","offer":{"big":"1.22","points":"888"}},{"high":"1.22652","bid":{"big":"1.159","points":"883"},"open":"1.23067","low":"1.23219","offer":{"big":"1.281","points":"888"}},{"high":"1.22652","bid":{"big":"1.098","points":"883"},"open":"1.23067","low":"1.23219","offer":{"big":"1.342","points":"888"}}],"pairName":"GBP-USD"}
{"timestamp":"1570097743914","tiers":[{"high":"1.22652","bid":{"big":"1.22","points":"883"},"open":"1.23067","low":"1.23219","offer":{"big":"1.22","points":"888"}},{"high":"1.22652","bid":{"big":"1.159","points":"883"},"open":"1.23067","low":"1.23219","offer":{"big":"1.281","points":"888"}},{"high":"1.22652","bid":{"big":"1.098","points":"883"},"open":"1.23067","low":"1.23219","offer":{"big":"1.342","points":"888"}}],"pairName":"GBP-USD"}
{"timestamp":"1570097745142","tiers":[{"high":"1.22652","bid":{"big":"1.22","points":"889"},"open":"1.23067","low":"1.23219","offer":{"big":"1.22","points":"897"}},{"high":"1.22652","bid":{"big":"1.159","points":"889"},"open":"1.23067","low":"1.23219","offer":{"big":"1.281","points":"897"}},{"high":"1.22652","bid":{"big":"1.098","points":"889"},"open":"1.23067","low":"1.23219","offer":{"big":"1.342","points":"897"}}],"pairName":"GBP-USD"}
{"timestamp":"1570097745142","tiers":[{"high":"1.22652","bid":{"big":"1.22","points":"889"},"open":"1.23067","low":"1.23219","offer":{"big":"1.22","points":"897"}},{"high":"1.22652","bid":{"big":"1.159","points":"889"},"open":"1.23067","low":"1.23219","offer":{"big":"1.281","points":"897"}},{"high":"1.22652","bid":{"big":"1.098","points":"889"},"open":"1.23067","low":"1.23219","offer":{"big":"1.342","points":"897"}}],"pairName":"GBP-USD"}
{"timestamp":"1570097751201","tiers":[{"high":"1.22652","bid":{"big":"1.22","points":"886"},"open":"1.23067","low":"1.23219","offer":{"big":"1.22","points":"893"}},{"high":"1.22652","bid":{"big":"1.159","points":"886"},"open":"1.23067","low":"1.23219","offer":{"big":"1.281","points":"893"}},{"high":"1.22652","bid":{"big":"1.098","points":"886"},"open":"1.23067","low":"1.23219","offer":{"big":"1.342","points":"893"}}],"pairName":"GBP-USD"}
{"timestamp":"1570097751201","tiers":[{"high":"1.22652","bid":{"big":"1.22","points":"886"},"open":"1.23067","low":"1.23219","offer":{"big":"1.22","points":"893"}},{"high":"1.22652","bid":{"big":"1.159","points":"886"},"open":"1.23067","low":"1.23219","offer":{"big":"1.281","points":"893"}},{"high":"1.22652","bid":{"big":"1.098","points":"886"},"open":"1.23067","low":"1.23219","offer":{"big":"1.342","points":"893"}}],"pairName":"GBP-USD"}
{"timestamp":"1570097752217","tiers":[{"high":"1.22652","bid":{"big":"1.22","points":"883"},"open":"1.23067","low":"1.23219","offer":{"big":"1.22","points":"893"}},{"high":"1.22652","bid":{"big":"1.159","points":"883"},"open":"1.23067","low":"1.23219","offer":{"big":"1.281","points":"893"}},{"high":"1.22652","bid":{"big":"1.098","points":"883"},"open":"1.23067","low":"1.23219","offer":{"big":"1.342","points":"893"}}],"pairName":"GBP-USD"}
{"timestamp":"1570097752217","tiers":[{"high":"1.22652","bid":{"big":"1.22","points":"883"},"open":"1.23067","low":"1.23219","offer":{"big":"1.22","points":"893"}},{"high":"1.22652","bid":{"big":"1.159","points":"883"},"open":"1.23067","low":"1.23219","offer":{"big":"1.281","points":"893"}},{"high":"1.22652","bid":{"big":"1.098","points":"883"},"open":"1.23067","low":"1.23219","offer":{"big":"1.342","points":"893"}}],"pairName":"GBP-USD"}
{"timestamp":"1570097752373","tiers":[{"high":"1.22652","bid":{"big":"1.22","points":"886"},"open":"1.23067","low":"1.23219","offer":{"big":"1.22","points":"894"}},{"high":"1.22652","bid":{"big":"1.159","points":"886"},"open":"1.23067","low":"1.23219","offer":{"big":"1.281","points":"894"}},{"high":"1.22652","bid":{"big":"1.098","points":"886"},"open":"1.23067","low":"1.23219","offer":{"big":"1.342","points":"894"}}],"pairName":"GBP-USD"}
{"timestamp":"1570097752373","tiers":[{"high":"1.22652","bid":{"big":"1.22","points":"886"},"open":"1.23067","low":"1.23219","offer":{"big":"1.22","points":"894"}},{"high":"1.22652","bid":{"big":"1.159","points":"886"},"open":"1.23067","low":"1.23219","offer":{"big":"1.281","points":"894"}},{"high":"1.22652","bid":{"big":"1.098","points":"886"},"open":"1.23067","low":"1.23219","offer":{"big":"1.342","points":"894"}}],"pairName":"GBP-USD"}
{"timestamp":"1570097756207","tiers":[{"high":"1.22652","bid":{"big":"1.22","points":"887"},"open":"1.23067","low":"1.23219","offer":{"big":"1.22","points":"895"}},{"high":"1.22652","bid":{"big":"1.159","points":"887"},"open":"1.23067","low":"1.23219","offer":{"big":"1.281","points":"895"}},{"high":"1.22652","bid":{"big":"1.098","points":"887"},"open":"1.23067","low":"1.23219","offer":{"big":"1.342","points":"895"}}],"pairName":"GBP-USD"}
{"timestamp":"1570097756207","tiers":[{"high":"1.22652","bid":{"big":"1.22","points":"887"},"open":"1.23067","low":"1.23219","offer":{"big":"1.22","points":"895"}},{"high":"1.22652","bid":{"big":"1.159","points":"887"},"open":"1.23067","low":"1.23219","offer":{"big":"1.281","points":"895"}},{"high":"1.22652","bid":{"big":"1.098","points":"887"},"open":"1.23067","low":"1.23219","offer":{"big":"1.342","points":"895"}}],"pairName":"GBP-USD"}
{"timestamp":"1570097756570","tiers":[{"high":"1.22652","bid":{"big":"1.22","points":"889"},"open":"1.23067","low":"1.23219","offer":{"big":"1.22","points":"897"}},{"high":"1.22652","bid":{"big":"1.159","points":"889"},"open":"1.23067","low":"1.23219","offer":{"big":"1.281","points":"897"}},{"high":"1.22652","bid":{"big":"1.098","points":"889"},"open":"1.23067","low":"1.23219","offer":{"big":"1.342","points":"897"}}],"pairName":"GBP-USD"}
{"timestamp":"1570097756570","tiers":[{"high":"1.22652","bid":{"big":"1.22","points":"889"},"open":"1.23067","low":"1.23219","offer":{"big":"1.22","points":"897"}},{"high":"1.22652","bid":{"big":"1.159","points":"889"},"open":"1.23067","low":"1.23219","offer":{"big":"1.281","points":"897"}},{"high":"1.22652","bid":{"big":"1.098","points":"889"},"open":"1.23067","low":"1.23219","offer":{"big":"1.342","points":"897"}}],"pairName":"GBP-USD"}
{"timestamp":"1570097758207","tiers":[{"high":"1.22652","bid":{"big":"1.22","points":"907"},"open":"1.23067","low":"1.23219","offer":{"big":"1.22","points":"915"}},{"high":"1.22652","bid":{"big":"1.159","points":"907"},"open":"1.23067","low":"1.23219","offer":{"big":"1.281","points":"915"}},{"high":"1.22652","bid":{"big":"1.098","points":"907"},"open":"1.23067","low":"1.23219","offer":{"big":"1.342","points":"915"}}],"pairName":"GBP-USD"}
{"timestamp":"1570097758207","tiers":[{"high":"1.22652","bid":{"big":"1.22","points":"907"},"open":"1.23067","low":"1.23219","offer":{"big":"1.22","points":"915"}},{"high":"1.22652","bid":{"big":"1.159","points":"907"},"open":"1.23067","low":"1.23219","offer":{"big":"1.281","points":"915"}},{"high":"1.22652","bid":{"big":"1.098","points":"907"},"open":"1.23067","low":"1.23219","offer":{"big":"1.342","points":"915"}}],"pairName":"GBP-USD"}
{"timestamp":"1570097758944","tiers":[{"high":"1.22652","bid":{"big":"1.22","points":"910"},"open":"1.23067","low":"1.23219","offer":{"big":"1.22","points":"918"}},{"high":"1.22652","bid":{"big":"1.159","points":"910"},"open":"1.23067","low":"1.23219","offer":{"big":"1.281","points":"918"}},{"high":"1.22652","bid":{"big":"1.098","points":"910"},"open":"1.23067","low":"1.23219","offer":{"big":"1.342","points":"918"}}],"pairName":"GBP-USD"}
{"timestamp":"1570097758944","tiers":[{"high":"1.22652","bid":{"big":"1.22","points":"910"},"open":"1.23067","low":"1.23219","offer":{"big":"1.22","points":"918"}},{"high":"1.22652","bid":{"big":"1.159","points":"910"},"open":"1.23067","low":"1.23219","offer":{"big":"1.281","points":"918"}},{"high":"1.22652","bid":{"big":"1.098","points":"910"},"open":"1.23067","low":"1.23219","offer":{"big":"1.342","points":"918"}}],"pairName":"GBP-USD"}
{"timestamp":"1570097760241","tiers":[{"high":"1.22652","bid":{"big":"1.22","points":"907"},"open":"1.23067","low":"1.23219","offer":{"big":"1.22","points":"910"}},{"high":"1.22652","bid":{"big":"1.159","points":"907"},"open":"1.23067","low":"1.23219","offer":{"big":"1.281","points":"910"}},{"high":"1.22652","bid":{"big":"1.098","points":"907"},"open":"1.23067","low":"1.23219","offer":{"big":"1.342","points":"910"}}],"pairName":"GBP-USD"}
{"timestamp":"1570097760241","tiers":[{"high":"1.22652","bid":{"big":"1.22","points":"907"},"open":"1.23067","low":"1.23219","offer":{"big":"1.22","points":"910"}},{"high":"1.22652","bid":{"big":"1.159","points":"907"},"open":"1.23067","low":"1.23219","offer":{"big":"1.281","points":"910"}},{"high":"1.22652","bid":{"big":"1.098","points":"907"},"open":"1.23067","low":"1.23219","offer":{"big":"1.342","points":"910"}}],"pairName":"GBP-USD"}
{"timestamp":"1570097760623","tiers":[{"high":"1.22652","bid":{"big":"1.22","points":"910"},"open":"1.23067","low":"1.23219","offer":{"big":"1.22","points":"915"}},{"high":"1.22652","bid":{"big":"1.159","points":"910"},"open":"1.23067","low":"1.23219","offer":{"big":"1.281","points":"915"}},{"high":"1.22652","bid":{"big":"1.098","points":"910"},"open":"1.23067","low":"1.23219","offer":{"big":"1.342","points":"915"}}],"pairName":"GBP-USD"}
{"timestamp":"1570097760623","tiers":[{"high":"1.22652","bid":{"big":"1.22","points":"910"},"open":"1.23067","low":"1.23219","offer":{"big":"1.22","points":"915"}},{"high":"1.22652","bid":{"big":"1.159","points":"910"},"open":"1.23067","low":"1.23219","offer":{"big":"1.281","points":"915"}},{"high":"1.22652","bid":{"big":"1.098","points":"910"},"open":"1.23067","low":"1.23219","offer":{"big":"1.342","points":"915"}}],"pairName":"GBP-USD"}
{"timestamp":"1570097763770","tiers":[{"high":"1.22652","bid":{"big":"1.22","points":"896"},"open":"1.23067","low":"1.23219","offer":{"big":"1.22","points":"901"}},{"high":"1.22652","bid":{"big":"1.159","points":"896"},"open":"1.23067","low":"1.23219","offer":{"big":"1.281","points":"901"}},{"high":"1.22652","bid":{"big":"1.098","points":"896"},"open":"1.23067","low":"1.23219","offer":{"big":"1.342","points":"901"}}],"pairName":"GBP-USD"}
{"timestamp":"1570097763770","tiers":[{"high":"1.22652","bid":{"big":"1.22","points":"896"},"open":"1.23067","low":"1.23219","offer":{"big":"1.22","points":"901"}},{"high":"1.22652","bid":{"big":"1.159","points":"896"},"open":"1.23067","low":"1.23219","offer":{"big":"1.281","points":"901"}},{"high":"1.22652","bid":{"big":"1.098","points":"896"},"open":"1.23067","low":"1.23219","offer":{"big":"1.342","points":"901"}}],"pairName":"GBP-USD"}
{"timestamp":"1570097765051","tiers":[{"high":"1.22652","bid":{"big":"1.22","points":"900"},"open":"1.23067","low":"1.23219","offer":{"big":"1.22","points":"905"}},{"high":"1.22652","bid":{"big":"1.159","points":"900"},"open":"1.23067","low":"1.23219","offer":{"big":"1.281","points":"905"}},{"high":"1.22652","bid":{"big":"1.098","points":"900"},"open":"1.23067","low":"1.23219","offer":{"big":"1.342","points":"905"}}],"pairName":"GBP-USD"}
{"timestamp":"1570097765051","tiers":[{"high":"1.22652","bid":{"big":"1.22","points":"900"},"open":"1.23067","low":"1.23219","offer":{"big":"1.22","points":"905"}},{"high":"1.22652","bid":{"big":"1.159","points":"900"},"open":"1.23067","low":"1.23219","offer":{"big":"1.281","points":"905"}},{"high":"1.22652","bid":{"big":"1.098","points":"900"},"open":"1.23067","low":"1.23219","offer":{"big":"1.342","points":"905"}}],"pairName":"GBP-USD"}
{"timestamp":"1570097766538","tiers":[{"high":"1.22652","bid":{"big":"1.22","points":"900"},"open":"1.23067","low":"1.23219","offer":{"big":"1.22","points":"907"}},{"high":"1.22652","bid":{"big":"1.159","points":"900"},"open":"1.23067","low":"1.23219","offer":{"big":"1.281","points":"907"}},{"high":"1.22652","bid":{"big":"1.098","points":"900"},"open":"1.23067","low":"1.23219","offer":{"big":"1.342","points":"907"}}],"pairName":"GBP-USD"}
{"timestamp":"1570097766538","tiers":[{"high":"1.22652","bid":{"big":"1.22","points":"900"},"open":"1.23067","low":"1.23219","offer":{"big":"1.22","points":"907"}},{"high":"1.22652","bid":{"big":"1.159","points":"900"},"open":"1.23067","low":"1.23219","offer":{"big":"1.281","points":"907"}},{"high":"1.22652","bid":{"big":"1.098","points":"900"},"open":"1.23067","low":"1.23219","offer":{"big":"1.342","points":"907"}}],"pairName":"GBP-USD"}
{"timestamp":"1570097768224","tiers":[{"high":"1.22652","bid":{"big":"1.22","points":"899"},"open":"1.23067","low":"1.23219","offer":{"big":"1.22","points":"907"}},{"high":"1.22652","bid":{"big":"1.159","points":"899"},"open":"1.23067","low":"1.23219","offer":{"big":"1.281","points":"907"}},{"high":"1.22652","bid":{"big":"1.098","points":"899"},"open":"1.23067","low":"1.23219","offer":{"big":"1.342","points":"907"}}],"pairName":"GBP-USD"}
{"timestamp":"1570097768224","tiers":[{"high":"1.22652","bid":{"big":"1.22","points":"899"},"open":"1.23067","low":"1.23219","offer":{"big":"1.22","points":"907"}},{"high":"1.22652","bid":{"big":"1.159","points":"899"},"open":"1.23067","low":"1.23219","offer":{"big":"1.281","points":"907"}},{"high":"1.22652","bid":{"big":"1.098","points":"899"},"open":"1.23067","low":"1.23219","offer":{"big":"1.342","points":"907"}}],"pairName":"GBP-USD"}
{"timestamp":"1570097770629","tiers":[{"high":"1.22652","bid":{"big":"1.22","points":"900"},"open":"1.23067","low":"1.23219","offer":{"big":"1.22","points":"908"}},{"high":"1.22652","bid":{"big":"1.159","points":"900"},"open":"1.23067","low":"1.23219","offer":{"big":"1.281","points":"908"}},{"high":"1.22652","bid":{"big":"1.098","points":"900"},"open":"1.23067","low":"1.23219","offer":{"big":"1.342","points":"908"}}],"pairName":"GBP-USD"}
{"timestamp":"1570097770629","tiers":[{"high":"1.22652","bid":{"big":"1.22","points":"900"},"open":"1.23067","low":"1.23219","offer":{"big":"1.22","points":"908"}},{"high":"1.22652","bid":{"big":"1.159","points":"900"},"open":"1.23067","low":"1.23219","offer":{"big":"1.281","points":"908"}},{"high":"1.22652","bid":{"big":"1.098","points":"900"},"open":"1.23067","low":"1.23219","offer":{"big":"1.342","points":"908"}}],"pairName":"GBP-USD"}
{"timestamp":"1570097771895","tiers":[{"high":"1.22652","bid":{"big":"1.22","points":"899"},"open":"1.23067","low":"1.23219","offer":{"big":"1.22","points":"908"}},{"high":"1.22652","bid":{"big":"1.159","points":"899"},"open":"1.23067","low":"1.23219","offer":{"big":"1.281","points":"908"}},{"high":"1.22652","bid":{"big":"1.098","points":"899"},"open":"1.23067","low":"1.23219","offer":{"big":"1.342","points":"908"}}],"pairName":"GBP-USD"}
{"timestamp":"1570097771895","tiers":[{"high":"1.22652","bid":{"big":"1.22","points":"899"},"open":"1.23067","low":"1.23219","offer":{"big":"1.22","points":"908"}},{"high":"1.22652","bid":{"big":"1.159","points":"899"},"open":"1.23067","low":"1.23219","offer":{"big":"1.281","points":"908"}},{"high":"1.22652","bid":{"big":"1.098","points":"899"},"open":"1.23067","low":"1.23219","offer":{"big":"1.342","points":"908"}}],"pairName":"GBP-USD"}
{"timestamp":"1570097772376","tiers":[{"high":"1.22652","bid":{"big":"1.22","points":"899"},"open":"1.23067","low":"1.23219","offer":{"big":"1.22","points":"907"}},{"high":"1.22652","bid":{"big":"1.159","points":"899"},"open":"1.23067","low":"1.23219","offer":{"big":"1.281","points":"907"}},{"high":"1.22652","bid":{"big":"1.098","points":"899"},"open":"1.23067","low":"1.23219","offer":{"big":"1.342","points":"907"}}],"pairName":"GBP-USD"}
{"timestamp":"1570097772376","tiers":[{"high":"1.22652","bid":{"big":"1.22","points":"899"},"open":"1.23067","low":"1.23219","offer":{"big":"1.22","points":"907"}},{"high":"1.22652","bid":{"big":"1.159","points":"899"},"open":"1.23067","low":"1.23219","offer":{"big":"1.281","points":"907"}},{"high":"1.22652","bid":{"big":"1.098","points":"899"},"open":"1.23067","low":"1.23219","offer":{"big":"1.342","points":"907"}}],"pairName":"GBP-USD"}
{"timestamp":"1570097777220","tiers":[{"high":"1.22652","bid":{"big":"1.22","points":"903"},"open":"1.23067","low":"1.23219","offer":{"big":"1.22","points":"911"}},{"high":"1.22652","bid":{"big":"1.159","points":"903"},"open":"1.23067","low":"1.23219","offer":{"big":"1.281","points":"911"}},{"high":"1.22652","bid":{"big":"1.098","points":"903"},"open":"1.23067","low":"1.23219","offer":{"big":"1.342","points":"911"}}],"pairName":"GBP-USD"}
{"timestamp":"1570097777220","tiers":[{"high":"1.22652","bid":{"big":"1.22","points":"903"},"open":"1.23067","low":"1.23219","offer":{"big":"1.22","points":"911"}},{"high":"1.22652","bid":{"big":"1.159","points":"903"},"open":"1.23067","low":"1.23219","offer":{"big":"1.281","points":"911"}},{"high":"1.22652","bid":{"big":"1.098","points":"903"},"open":"1.23067","low":"1.23219","offer":{"big":"1.342","points":"911"}}],"pairName":"GBP-USD"}
{"timestamp":"1570097777844","tiers":[{"high":"1.22652","bid":{"big":"1.22","points":"907"},"open":"1.23067","low":"1.23219","offer":{"big":"1.22","points":"917"}},{"high":"1.22652","bid":{"big":"1.159","points":"907"},"open":"1.23067","low":"1.23219","offer":{"big":"1.281","points":"917"}},{"high":"1.22652","bid":{"big":"1.098","points":"907"},"open":"1.23067","low":"1.23219","offer":{"big":"1.342","points":"917"}}],"pairName":"GBP-USD"}
{"timestamp":"1570097777844","tiers":[{"high":"1.22652","bid":{"big":"1.22","points":"907"},"open":"1.23067","low":"1.23219","offer":{"big":"1.22","points":"917"}},{"high":"1.22652","bid":{"big":"1.159","points":"907"},"open":"1.23067","low":"1.23219","offer":{"big":"1.281","points":"917"}},{"high":"1.22652","bid":{"big":"1.098","points":"907"},"open":"1.23067","low":"1.23219","offer":{"big":"1.342","points":"917"}}],"pairName":"GBP-USD"}
{"timestamp":"1570097783827","tiers":[{"high":"1.22652","bid":{"big":"1.22","points":"910"},"open":"1.23067","low":"1.23219","offer":{"big":"1.22","points":"918"}},{"high":"1.22652","bid":{"big":"1.159","points":"910"},"open":"1.23067","low":"1.23219","offer":{"big":"1.281","points":"918"}},{"high":"1.22652","bid":{"big":"1.098","points":"910"},"open":"1.23067","low":"1.23219","offer":{"big":"1.342","points":"918"}}],"pairName":"GBP-USD"}
{"timestamp":"1570097783827","tiers":[{"high":"1.22652","bid":{"big":"1.22","points":"910"},"open":"1.23067","low":"1.23219","offer":{"big":"1.22","points":"918"}},{"high":"1.22652","bid":{"big":"1.159","points":"910"},"open":"1.23067","low":"1.23219","offer":{"big":"1.281","points":"918"}},{"high":"1.22652","bid":{"big":"1.098","points":"910"},"open":"1.23067","low":"1.23219","offer":{"big":"1.342","points":"918"}}],"pairName":"GBP-USD"}
{"timestamp":"1570097785070","tiers":[{"high":"1.22652","bid":{"big":"1.22","points":"910"},"open":"1.23067","low":"1.23219","offer":{"big":"1.22","points":"918"}},{"high":"1.22652","bid":{"big":"1.159","points":"910"},"open":"1.23067","low":"1.23219","offer":{"big":"1.281","points":"918"}},{"high":"1.22652","bid":{"big":"1.098","points":"910"},"open":"1.23067","low":"1.23219","offer":{"big":"1.342","points":"918"}}],"pairName":"GBP-USD"}
{"timestamp":"1570097785070","tiers":[{"high":"1.22652","bid":{"big":"1.22","points":"910"},"open":"1.23067","low":"1.23219","offer":{"big":"1.22","points":"918"}},{"high":"1.22652","bid":{"big":"1.159","points":"910"},"open":"1.23067","low":"1.23219","offer":{"big":"1.281","points":"918"}},{"high":"1.22652","bid":{"big":"1.098","points":"910"},"open":"1.23067","low":"1.23219","offer":{"big":"1.342","points":"918"}}],"pairName":"GBP-USD"}
{"timestamp":"1570097785699","tiers":[{"high":"1.22652","bid":{"big":"1.22","points":"910"},"open":"1.23067","low":"1.23219","offer":{"big":"1.22","points":"918"}},{"high":"1.22652","bid":{"big":"1.159","points":"910"},"open":"1.23067","low":"1.23219","offer":{"big":"1.281","points":"918"}},{"high":"1.22652","bid":{"big":"1.098","points":"910"},"open":"1.23067","low":"1.23219","offer":{"big":"1.342","points":"918"}}],"pairName":"GBP-USD"}
{"timestamp":"1570097785699","tiers":[{"high":"1.22652","bid":{"big":"1.22","points":"910"},"open":"1.23067","low":"1.23219","offer":{"big":"1.22","points":"918"}},{"high":"1.22652","bid":{"big":"1.159","points":"910"},"open":"1.23067","low":"1.23219","offer":{"big":"1.281","points":"918"}},{"high":"1.22652","bid":{"big":"1.098","points":"910"},"open":"1.23067","low":"1.23219","offer":{"big":"1.342","points":"918"}}],"pairName":"GBP-USD"}
{"timestamp":"1570097787069","tiers":[{"high":"1.22652","bid":{"big":"1.22","points":"907"},"open":"1.23067","low":"1.23219","offer":{"big":"1.22","points":"917"}},{"high":"1.22652","bid":{"big":"1.159","points":"907"},"open":"1.23067","low":"1.23219","offer":{"big":"1.281","points":"917"}},{"high":"1.22652","bid":{"big":"1.098","points":"907"},"open":"1.23067","low":"1.23219","offer":{"big":"1.342","points":"917"}}],"pairName":"GBP-USD"}
{"timestamp":"1570097787069","tiers":[{"high":"1.22652","bid":{"big":"1.22","points":"907"},"open":"1.23067","low":"1.23219","offer":{"big":"1.22","points":"917"}},{"high":"1.22652","bid":{"big":"1.159","points":"907"},"open":"1.23067","low":"1.23219","offer":{"big":"1.281","points":"917"}},{"high":"1.22652","bid":{"big":"1.098","points":"907"},"open":"1.23067","low":"1.23219","offer":{"big":"1.342","points":"917"}}],"pairName":"GBP-USD"}
{"timestamp":"1570097788363","tiers":[{"high":"1.22652","bid":{"big":"1.22","points":"909"},"open":"1.23067","low":"1.23219","offer":{"big":"1.22","points":"917"}},{"high":"1.22652","bid":{"big":"1.159","points":"909"},"open":"1.23067","low":"1.23219","offer":{"big":"1.281","points":"917"}},{"high":"1.22652","bid":{"big":"1.098","points":"909"},"open":"1.23067","low":"1.23219","offer":{"big":"1.342","points":"917"}}],"pairName":"GBP-USD"}
{"timestamp":"1570097788363","tiers":[{"high":"1.22652","bid":{"big":"1.22","points":"909"},"open":"1.23067","low":"1.23219","offer":{"big":"1.22","points":"917"}},{"high":"1.22652","bid":{"big":"1.159","points":"909"},"open":"1.23067","low":"1.23219","offer":{"big":"1.281","points":"917"}},{"high":"1.22652","bid":{"big":"1.098","points":"909"},"open":"1.23067","low":"1.23219","offer":{"big":"1.342","points":"917"}}],"pairName":"GBP-USD"}
{"timestamp":"1570097791249","tiers":[{"high":"1.22652","bid":{"big":"1.22","points":"910"},"open":"1.23067","low":"1.23219","offer":{"big":"1.22","points":"918"}},{"high":"1.22652","bid":{"big":"1.159","points":"910"},"open":"1.23067","low":"1.23219","offer":{"big":"1.281","points":"918"}},{"high":"1.22652","bid":{"big":"1.098","points":"910"},"open":"1.23067","low":"1.23219","offer":{"big":"1.342","points":"918"}}],"pairName":"GBP-USD"}
{"timestamp":"1570097791249","tiers":[{"high":"1.22652","bid":{"big":"1.22","points":"910"},"open":"1.23067","low":"1.23219","offer":{"big":"1.22","points":"918"}},{"high":"1.22652","bid":{"big":"1.159","points":"910"},"open":"1.23067","low":"1.23219","offer":{"big":"1.281","points":"918"}},{"high":"1.22652","bid":{"big":"1.098","points":"910"},"open":"1.23067","low":"1.23219","offer":{"big":"1.342","points":"918"}}],"pairName":"GBP-USD"}
{"timestamp":"1570097791546","tiers":[{"high":"1.22652","bid":{"big":"1.22","points":"907"},"open":"1.23067","low":"1.23219","offer":{"big":"1.22","points":"914"}},{"high":"1.22652","bid":{"big":"1.159","points":"907"},"open":"1.23067","low":"1.23219","offer":{"big":"1.281","points":"914"}},{"high":"1.22652","bid":{"big":"1.098","points":"907"},"open":"1.23067","low":"1.23219","offer":{"big":"1.342","points":"914"}}],"pairName":"GBP-USD"}
{"timestamp":"1570097791546","tiers":[{"high":"1.22652","bid":{"big":"1.22","points":"907"},"open":"1.23067","low":"1.23219","offer":{"big":"1.22","points":"914"}},{"high":"1.22652","bid":{"big":"1.159","points":"907"},"open":"1.23067","low":"1.23219","offer":{"big":"1.281","points":"914"}},{"high":"1.22652","bid":{"big":"1.098","points":"907"},"open":"1.23067","low":"1.23219","offer":{"big":"1.342","points":"914"}}],"pairName":"GBP-USD"}
{"timestamp":"1570097792630","tiers":[{"high":"1.22652","bid":{"big":"1.22","points":"910"},"open":"1.23067","low":"1.23219","offer":{"big":"1.22","points":"918"}},{"high":"1.22652","bid":{"big":"1.159","points":"910"},"open":"1.23067","low":"1.23219","offer":{"big":"1.281","points":"918"}},{"high":"1.22652","bid":{"big":"1.098","points":"910"},"open":"1.23067","low":"1.23219","offer":{"big":"1.342","points":"918"}}],"pairName":"GBP-USD"}
{"timestamp":"1570097792630","tiers":[{"high":"1.22652","bid":{"big":"1.22","points":"910"},"open":"1.23067","low":"1.23219","offer":{"big":"1.22","points":"918"}},{"high":"1.22652","bid":{"big":"1.159","points":"910"},"open":"1.23067","low":"1.23219","offer":{"big":"1.281","points":"918"}},{"high":"1.22652","bid":{"big":"1.098","points":"910"},"open":"1.23067","low":"1.23219","offer":{"big":"1.342","points":"918"}}],"pairName":"GBP-USD"}
{"timestamp":"1570097794268","tiers":[{"high":"1.22652","bid":{"big":"1.22","points":"913"},"open":"1.23067","low":"1.23219","offer":{"big":"1.22","points":"921"}},{"high":"1.22652","bid":{"big":"1.159","points":"913"},"open":"1.23067","low":"1.23219","offer":{"big":"1.281","points":"921"}},{"high":"1.22652","bid":{"big":"1.098","points":"913"},"open":"1.23067","low":"1.23219","offer":{"big":"1.342","points":"921"}}],"pairName":"GBP-USD"}
{"timestamp":"1570097794268","tiers":[{"high":"1.22652","bid":{"big":"1.22","points":"913"},"open":"1.23067","low":"1.23219","offer":{"big":"1.22","points":"921"}},{"high":"1.22652","bid":{"big":"1.159","points":"913"},"open":"1.23067","low":"1.23219","offer":{"big":"1.281","points":"921"}},{"high":"1.22652","bid":{"big":"1.098","points":"913"},"open":"1.23067","low":"1.23219","offer":{"big":"1.342","points":"921"}}],"pairName":"GBP-USD"}
{"timestamp":"1570097795039","tiers":[{"high":"1.22652","bid":{"big":"1.22","points":"914"},"open":"1.23067","low":"1.23219","offer":{"big":"1.22","points":"922"}},{"high":"1.22652","bid":{"big":"1.159","points":"914"},"open":"1.23067","low":"1.23219","offer":{"big":"1.281","points":"922"}},{"high":"1.22652","bid":{"big":"1.098","points":"914"},"open":"1.23067","low":"1.23219","offer":{"big":"1.342","points":"922"}}],"pairName":"GBP-USD"}
{"timestamp":"1570097795039","tiers":[{"high":"1.22652","bid":{"big":"1.22","points":"914"},"open":"1.23067","low":"1.23219","offer":{"big":"1.22","points":"922"}},{"high":"1.22652","bid":{"big":"1.159","points":"914"},"open":"1.23067","low":"1.23219","offer":{"big":"1.281","points":"922"}},{"high":"1.22652","bid":{"big":"1.098","points":"914"},"open":"1.23067","low":"1.23219","offer":{"big":"1.342","points":"922"}}],"pairName":"GBP-USD"}
{"timestamp":"1570097796173","tiers":[{"high":"1.22652","bid":{"big":"1.22","points":"917"},"open":"1.23067","low":"1.23219","offer":{"big":"1.22","points":"925"}},{"high":"1.22652","bid":{"big":"1.159","points":"917"},"open":"1.23067","low":"1.23219","offer":{"big":"1.281","points":"925"}},{"high":"1.22652","bid":{"big":"1.098","points":"917"},"open":"1.23067","low":"1.23219","offer":{"big":"1.342","points":"925"}}],"pairName":"GBP-USD"}
{"timestamp":"1570097796173","tiers":[{"high":"1.22652","bid":{"big":"1.22","points":"917"},"open":"1.23067","low":"1.23219","offer":{"big":"1.22","points":"925"}},{"high":"1.22652","bid":{"big":"1.159","points":"917"},"open":"1.23067","low":"1.23219","offer":{"big":"1.281","points":"925"}},{"high":"1.22652","bid":{"big":"1.098","points":"917"},"open":"1.23067","low":"1.23219","offer":{"big":"1.342","points":"925"}}],"pairName":"GBP-USD"}
{"timestamp":"1570097797264","tiers":[{"high":"1.22652","bid":{"big":"1.22","points":"919"},"open":"1.23067","low":"1.23219","offer":{"big":"1.22","points":"928"}},{"high":"1.22652","bid":{"big":"1.159","points":"919"},"open":"1.23067","low":"1.23219","offer":{"big":"1.281","points":"928"}},{"high":"1.22652","bid":{"big":"1.098","points":"919"},"open":"1.23067","low":"1.23219","offer":{"big":"1.342","points":"928"}}],"pairName":"GBP-USD"}
{"timestamp":"1570097797264","tiers":[{"high":"1.22652","bid":{"big":"1.22","points":"919"},"open":"1.23067","low":"1.23219","offer":{"big":"1.22","points":"928"}},{"high":"1.22652","bid":{"big":"1.159","points":"919"},"open":"1.23067","low":"1.23219","offer":{"big":"1.281","points":"928"}},{"high":"1.22652","bid":{"big":"1.098","points":"919"},"open":"1.23067","low":"1.23219","offer":{"big":"1.342","points":"928"}}],"pairName":"GBP-USD"}
{"timestamp":"1570097798071","tiers":[{"high":"1.22652","bid":{"big":"1.22","points":"923"},"open":"1.23067","low":"1.23219","offer":{"big":"1.22","points":"931"}},{"high":"1.22652","bid":{"big":"1.159","points":"923"},"open":"1.23067","low":"1.23219","offer":{"big":"1.281","points":"931"}},{"high":"1.22652","bid":{"big":"1.098","points":"923"},"open":"1.23067","low":"1.23219","offer":{"big":"1.342","points":"931"}}],"pairName":"GBP-USD"}
{"timestamp":"1570097798071","tiers":[{"high":"1.22652","bid":{"big":"1.22","points":"923"},"open":"1.23067","low":"1.23219","offer":{"big":"1.22","points":"931"}},{"high":"1.22652","bid":{"big":"1.159","points":"923"},"open":"1.23067","low":"1.23219","offer":{"big":"1.281","points":"931"}},{"high":"1.22652","bid":{"big":"1.098","points":"923"},"open":"1.23067","low":"1.23219","offer":{"big":"1.342","points":"931"}}],"pairName":"GBP-USD"}
{"timestamp":"1570097803528","tiers":[{"high":"1.22652","bid":{"big":"1.22","points":"924"},"open":"1.23067","low":"1.23219","offer":{"big":"1.22","points":"931"}},{"high":"1.22652","bid":{"big":"1.159","points":"924"},"open":"1.23067","low":"1.23219","offer":{"big":"1.281","points":"931"}},{"high":"1.22652","bid":{"big":"1.098","points":"924"},"open":"1.23067","low":"1.23219","offer":{"big":"1.342","points":"931"}}],"pairName":"GBP-USD"}
{"timestamp":"1570097803528","tiers":[{"high":"1.22652","bid":{"big":"1.22","points":"924"},"open":"1.23067","low":"1.23219","offer":{"big":"1.22","points":"931"}},{"high":"1.22652","bid":{"big":"1.159","points":"924"},"open":"1.23067","low":"1.23219","offer":{"big":"1.281","points":"931"}},{"high":"1.22652","bid":{"big":"1.098","points":"924"},"open":"1.23067","low":"1.23219","offer":{"big":"1.342","points":"931"}}],"pairName":"GBP-USD"}
{"timestamp":"1570097804340","tiers":[{"high":"1.22652","bid":{"big":"1.22","points":"923"},"open":"1.23067","low":"1.23219","offer":{"big":"1.22","points":"931"}},{"high":"1.22652","bid":{"big":"1.159","points":"923"},"open":"1.23067","low":"1.23219","offer":{"big":"1.281","points":"931"}},{"high":"1.22652","bid":{"big":"1.098","points":"923"},"open":"1.23067","low":"1.23219","offer":{"big":"1.342","points":"931"}}],"pairName":"GBP-USD"}
{"timestamp":"1570097804340","tiers":[{"high":"1.22652","bid":{"big":"1.22","points":"923"},"open":"1.23067","low":"1.23219","offer":{"big":"1.22","points":"931"}},{"high":"1.22652","bid":{"big":"1.159","points":"923"},"open":"1.23067","low":"1.23219","offer":{"big":"1.281","points":"931"}},{"high":"1.22652","bid":{"big":"1.098","points":"923"},"open":"1.23067","low":"1.23219","offer":{"big":"1.342","points":"931"}}],"pairName":"GBP-USD"}
{"timestamp":"1570097805545","tiers":[{"high":"1.22652","bid":{"big":"1.22","points":"924"},"open":"1.23067","low":"1.23219","offer":{"big":"1.22","points":"931"}},{"high":"1.22652","bid":{"big":"1.159","points":"924"},"open":"1.23067","low":"1.23219","offer":{"big":"1.281","points":"931"}},{"high":"1.22652","bid":{"big":"1.098","points":"924"},"open":"1.23067","low":"1.23219","offer":{"big":"1.342","points":"931"}}],"pairName":"GBP-USD"}
{"timestamp":"1570097805545","tiers":[{"high":"1.22652","bid":{"big":"1.22","points":"924"},"open":"1.23067","low":"1.23219","offer":{"big":"1.22","points":"931"}},{"high":"1.22652","bid":{"big":"1.159","points":"924"},"open":"1.23067","low":"1.23219","offer":{"big":"1.281","points":"931"}},{"high":"1.22652","bid":{"big":"1.098","points":"924"},"open":"1.23067","low":"1.23219","offer":{"big":"1.342","points":"931"}}],"pairName":"GBP-USD"}
{"timestamp":"1570097807197","tiers":[{"high":"1.22652","bid":{"big":"1.22","points":"924"},"open":"1.23067","low":"1.23219","offer":{"big":"1.22","points":"937"}},{"high":"1.22652","bid":{"big":"1.159","points":"924"},"open":"1.23067","low":"1.23219","offer":{"big":"1.281","points":"937"}},{"high":"1.22652","bid":{"big":"1.098","points":"924"},"open":"1.23067","low":"1.23219","offer":{"big":"1.342","points":"937"}}],"pairName":"GBP-USD"}
{"timestamp":"1570097807197","tiers":[{"high":"1.22652","bid":{"big":"1.22","points":"924"},"open":"1.23067","low":"1.23219","offer":{"big":"1.22","points":"937"}},{"high":"1.22652","bid":{"big":"1.159","points":"924"},"open":"1.23067","low":"1.23219","offer":{"big":"1.281","points":"937"}},{"high":"1.22652","bid":{"big":"1.098","points":"924"},"open":"1.23067","low":"1.23219","offer":{"big":"1.342","points":"937"}}],"pairName":"GBP-USD"}
{"timestamp":"1570097807742","tiers":[{"high":"1.22652","bid":{"big":"1.22","points":"924"},"open":"1.23067","low":"1.23219","offer":{"big":"1.22","points":"937"}},{"high":"1.22652","bid":{"big":"1.159","points":"924"},"open":"1.23067","low":"1.23219","offer":{"big":"1.281","points":"937"}},{"high":"1.22652","bid":{"big":"1.098","points":"924"},"open":"1.23067","low":"1.23219","offer":{"big":"1.342","points":"937"}}],"pairName":"GBP-USD"}
{"timestamp":"1570097807742","tiers":[{"high":"1.22652","bid":{"big":"1.22","points":"924"},"open":"1.23067","low":"1.23219","offer":{"big":"1.22","points":"937"}},{"high":"1.22652","bid":{"big":"1.159","points":"924"},"open":"1.23067","low":"1.23219","offer":{"big":"1.281","points":"937"}},{"high":"1.22652","bid":{"big":"1.098","points":"924"},"open":"1.23067","low":"1.23219","offer":{"big":"1.342","points":"937"}}],"pairName":"GBP-USD"}
{"timestamp":"1570097811262","tiers":[{"high":"1.22652","bid":{"big":"1.22","points":"924"},"open":"1.23067","low":"1.23219","offer":{"big":"1.22","points":"937"}},{"high":"1.22652","bid":{"big":"1.159","points":"924"},"open":"1.23067","low":"1.23219","offer":{"big":"1.281","points":"937"}},{"high":"1.22652","bid":{"big":"1.098","points":"924"},"open":"1.23067","low":"1.23219","offer":{"big":"1.342","points":"937"}}],"pairName":"GBP-USD"}
{"timestamp":"1570097811262","tiers":[{"high":"1.22652","bid":{"big":"1.22","points":"924"},"open":"1.23067","low":"1.23219","offer":{"big":"1.22","points":"937"}},{"high":"1.22652","bid":{"big":"1.159","points":"924"},"open":"1.23067","low":"1.23219","offer":{"big":"1.281","points":"937"}},{"high":"1.22652","bid":{"big":"1.098","points":"924"},"open":"1.23067","low":"1.23219","offer":{"big":"1.342","points":"937"}}],"pairName":"GBP-USD"}
{"timestamp":"1570097812294","tiers":[{"high":"1.22652","bid":{"big":"1.22","points":"924"},"open":"1.23067","low":"1.23219","offer":{"big":"1.22","points":"934"}},{"high":"1.22652","bid":{"big":"1.159","points":"924"},"open":"1.23067","low":"1.23219","offer":{"big":"1.281","points":"934"}},{"high":"1.22652","bid":{"big":"1.098","points":"924"},"open":"1.23067","low":"1.23219","offer":{"big":"1.342","points":"934"}}],"pairName":"GBP-USD"}
{"timestamp":"1570097812294","tiers":[{"high":"1.22652","bid":{"big":"1.22","points":"924"},"open":"1.23067","low":"1.23219","offer":{"big":"1.22","points":"934"}},{"high":"1.22652","bid":{"big":"1.159","points":"924"},"open":"1.23067","low":"1.23219","offer":{"big":"1.281","points":"934"}},{"high":"1.22652","bid":{"big":"1.098","points":"924"},"open":"1.23067","low":"1.23219","offer":{"big":"1.342","points":"934"}}],"pairName":"GBP-USD"}
{"timestamp":"1570097813014","tiers":[{"high":"1.22652","bid":{"big":"1.22","points":"927"},"open":"1.23067","low":"1.23219","offer":{"big":"1.22","points":"935"}},{"high":"1.22652","bid":{"big":"1.159","points":"927"},"open":"1.23067","low":"1.23219","offer":{"big":"1.281","points":"935"}},{"high":"1.22652","bid":{"big":"1.098","points":"927"},"open":"1.23067","low":"1.23219","offer":{"big":"1.342","points":"935"}}],"pairName":"GBP-USD"}
{"timestamp":"1570097813014","tiers":[{"high":"1.22652","bid":{"big":"1.22","points":"927"},"open":"1.23067","low":"1.23219","offer":{"big":"1.22","points":"935"}},{"high":"1.22652","bid":{"big":"1.159","points":"927"},"open":"1.23067","low":"1.23219","offer":{"big":"1.281","points":"935"}},{"high":"1.22652","bid":{"big":"1.098","points":"927"},"open":"1.23067","low":"1.23219","offer":{"big":"1.342","points":"935"}}],"pairName":"GBP-USD"}
{"timestamp":"1570097813656","tiers":[{"high":"1.22652","bid":{"big":"1.22","points":"928"},"open":"1.23067","low":"1.23219","offer":{"big":"1.22","points":"937"}},{"high":"1.22652","bid":{"big":"1.159","points":"928"},"open":"1.23067","low":"1.23219","offer":{"big":"1.281","points":"937"}},{"high":"1.22652","bid":{"big":"1.098","points":"928"},"open":"1.23067","low":"1.23219","offer":{"big":"1.342","points":"937"}}],"pairName":"GBP-USD"}
{"timestamp":"1570097813656","tiers":[{"high":"1.22652","bid":{"big":"1.22","points":"928"},"open":"1.23067","low":"1.23219","offer":{"big":"1.22","points":"937"}},{"high":"1.22652","bid":{"big":"1.159","points":"928"},"open":"1.23067","low":"1.23219","offer":{"big":"1.281","points":"937"}},{"high":"1.22652","bid":{"big":"1.098","points":"928"},"open":"1.23067","low":"1.23219","offer":{"big":"1.342","points":"937"}}],"pairName":"GBP-USD"}
{"timestamp":"1570097815247","tiers":[{"high":"1.22652","bid":{"big":"1.22","points":"936"},"open":"1.23067","low":"1.23219","offer":{"big":"1.22","points":"945"}},{"high":"1.22652","bid":{"big":"1.159","points":"936"},"open":"1.23067","low":"1.23219","offer":{"big":"1.281","points":"945"}},{"high":"1.22652","bid":{"big":"1.098","points":"936"},"open":"1.23067","low":"1.23219","offer":{"big":"1.342","points":"945"}}],"pairName":"GBP-USD"}
{"timestamp":"1570097815247","tiers":[{"high":"1.22652","bid":{"big":"1.22","points":"936"},"open":"1.23067","low":"1.23219","offer":{"big":"1.22","points":"945"}},{"high":"1.22652","bid":{"big":"1.159","points":"936"},"open":"1.23067","low":"1.23219","offer":{"big":"1.281","points":"945"}},{"high":"1.22652","bid":{"big":"1.098","points":"936"},"open":"1.23067","low":"1.23219","offer":{"big":"1.342","points":"945"}}],"pairName":"GBP-USD"}
{"timestamp":"1570097816190","tiers":[{"high":"1.22652","bid":{"big":"1.22","points":"934"},"open":"1.23067","low":"1.23219","offer":{"big":"1.22","points":"941"}},{"high":"1.22652","bid":{"big":"1.159","points":"934"},"open":"1.23067","low":"1.23219","offer":{"big":"1.281","points":"941"}},{"high":"1.22652","bid":{"big":"1.098","points":"934"},"open":"1.23067","low":"1.23219","offer":{"big":"1.342","points":"941"}}],"pairName":"GBP-USD"}
{"timestamp":"1570097816190","tiers":[{"high":"1.22652","bid":{"big":"1.22","points":"934"},"open":"1.23067","low":"1.23219","offer":{"big":"1.22","points":"941"}},{"high":"1.22652","bid":{"big":"1.159","points":"934"},"open":"1.23067","low":"1.23219","offer":{"big":"1.281","points":"941"}},{"high":"1.22652","bid":{"big":"1.098","points":"934"},"open":"1.23067","low":"1.23219","offer":{"big":"1.342","points":"941"}}],"pairName":"GBP-USD"}
{"timestamp":"1570097816527","tiers":[{"high":"1.22652","bid":{"big":"1.22","points":"936"},"open":"1.23067","low":"1.23219","offer":{"big":"1.22","points":"944"}},{"high":"1.22652","bid":{"big":"1.159","points":"936"},"open":"1.23067","low":"1.23219","offer":{"big":"1.281","points":"944"}},{"high":"1.22652","bid":{"big":"1.098","points":"936"},"open":"1.23067","low":"1.23219","offer":{"big":"1.342","points":"944"}}],"pairName":"GBP-USD"}
{"timestamp":"1570097816527","tiers":[{"high":"1.22652","bid":{"big":"1.22","points":"936"},"open":"1.23067","low":"1.23219","offer":{"big":"1.22","points":"944"}},{"high":"1.22652","bid":{"big":"1.159","points":"936"},"open":"1.23067","low":"1.23219","offer":{"big":"1.281","points":"944"}},{"high":"1.22652","bid":{"big":"1.098","points":"936"},"open":"1.23067","low":"1.23219","offer":{"big":"1.342","points":"944"}}],"pairName":"GBP-USD"}
{"timestamp":"1570097818269","tiers":[{"high":"1.22652","bid":{"big":"1.22","points":"937"},"open":"1.23067","low":"1.23219","offer":{"big":"1.22","points":"945"}},{"high":"1.22652","bid":{"big":"1.159","points":"937"},"open":"1.23067","low":"1.23219","offer":{"big":"1.281","points":"945"}},{"high":"1.22652","bid":{"big":"1.098","points":"937"},"open":"1.23067","low":"1.23219","offer":{"big":"1.342","points":"945"}}],"pairName":"GBP-USD"}
{"timestamp":"1570097818269","tiers":[{"high":"1.22652","bid":{"big":"1.22","points":"937"},"open":"1.23067","low":"1.23219","offer":{"big":"1.22","points":"945"}},{"high":"1.22652","bid":{"big":"1.159","points":"937"},"open":"1.23067","low":"1.23219","offer":{"big":"1.281","points":"945"}},{"high":"1.22652","bid":{"big":"1.098","points":"937"},"open":"1.23067","low":"1.23219","offer":{"big":"1.342","points":"945"}}],"pairName":"GBP-USD"}
{"timestamp":"1570097819217","tiers":[{"high":"1.22652","bid":{"big":"1.22","points":"938"},"open":"1.23067","low":"1.23219","offer":{"big":"1.22","points":"945"}},{"high":"1.22652","bid":{"big":"1.159","points":"938"},"open":"1.23067","low":"1.23219","offer":{"big":"1.281","points":"945"}},{"high":"1.22652","bid":{"big":"1.098","points":"938"},"open":"1.23067","low":"1.23219","offer":{"big":"1.342","points":"945"}}],"pairName":"GBP-USD"}
{"timestamp":"1570097819217","tiers":[{"high":"1.22652","bid":{"big":"1.22","points":"938"},"open":"1.23067","low":"1.23219","offer":{"big":"1.22","points":"945"}},{"high":"1.22652","bid":{"big":"1.159","points":"938"},"open":"1.23067","low":"1.23219","offer":{"big":"1.281","points":"945"}},{"high":"1.22652","bid":{"big":"1.098","points":"938"},"open":"1.23067","low":"1.23219","offer":{"big":"1.342","points":"945"}}],"pairName":"GBP-USD"}
{"timestamp":"1570097819791","tiers":[{"high":"1.22652","bid":{"big":"1.22","points":"937"},"open":"1.23067","low":"1.23219","offer":{"big":"1.22","points":"945"}},{"high":"1.22652","bid":{"big":"1.159","points":"937"},"open":"1.23067","low":"1.23219","offer":{"big":"1.281","points":"945"}},{"high":"1.22652","bid":{"big":"1.098","points":"937"},"open":"1.23067","low":"1.23219","offer":{"big":"1.342","points":"945"}}],"pairName":"GBP-USD"}
{"timestamp":"1570097819791","tiers":[{"high":"1.22652","bid":{"big":"1.22","points":"937"},"open":"1.23067","low":"1.23219","offer":{"big":"1.22","points":"945"}},{"high":"1.22652","bid":{"big":"1.159","points":"937"},"open":"1.23067","low":"1.23219","offer":{"big":"1.281","points":"945"}},{"high":"1.22652","bid":{"big":"1.098","points":"937"},"open":"1.23067","low":"1.23219","offer":{"big":"1.342","points":"945"}}],"pairName":"GBP-USD"}
{"timestamp":"1570097822260","tiers":[{"high":"1.22652","bid":{"big":"1.22","points":"940"},"open":"1.23067","low":"1.23219","offer":{"big":"1.22","points":"946"}},{"high":"1.22652","bid":{"big":"1.159","points":"940"},"open":"1.23067","low":"1.23219","offer":{"big":"1.281","points":"946"}},{"high":"1.22652","bid":{"big":"1.098","points":"940"},"open":"1.23067","low":"1.23219","offer":{"big":"1.342","points":"946"}}],"pairName":"GBP-USD"}
{"timestamp":"1570097822260","tiers":[{"high":"1.22652","bid":{"big":"1.22","points":"940"},"open":"1.23067","low":"1.23219","offer":{"big":"1.22","points":"946"}},{"high":"1.22652","bid":{"big":"1.159","points":"940"},"open":"1.23067","low":"1.23219","offer":{"big":"1.281","points":"946"}},{"high":"1.22652","bid":{"big":"1.098","points":"940"},"open":"1.23067","low":"1.23219","offer":{"big":"1.342","points":"946"}}],"pairName":"GBP-USD"}
{"timestamp":"1570097824375","tiers":[{"high":"1.22652","bid":{"big":"1.22","points":"940"},"open":"1.23067","low":"1.23219","offer":{"big":"1.22","points":"948"}},{"high":"1.22652","bid":{"big":"1.159","points":"940"},"open":"1.23067","low":"1.23219","offer":{"big":"1.281","points":"948"}},{"high":"1.22652","bid":{"big":"1.098","points":"940"},"open":"1.23067","low":"1.23219","offer":{"big":"1.342","points":"948"}}],"pairName":"GBP-USD"}
{"timestamp":"1570097824375","tiers":[{"high":"1.22652","bid":{"big":"1.22","points":"940"},"open":"1.23067","low":"1.23219","offer":{"big":"1.22","points":"948"}},{"high":"1.22652","bid":{"big":"1.159","points":"940"},"open":"1.23067","low":"1.23219","offer":{"big":"1.281","points":"948"}},{"high":"1.22652","bid":{"big":"1.098","points":"940"},"open":"1.23067","low":"1.23219","offer":{"big":"1.342","points":"948"}}],"pairName":"GBP-USD"}
{"timestamp":"1570097829268","tiers":[{"high":"1.22652","bid":{"big":"1.22","points":"930"},"open":"1.23067","low":"1.23219","offer":{"big":"1.22","points":"938"}},{"high":"1.22652","bid":{"big":"1.159","points":"930"},"open":"1.23067","low":"1.23219","offer":{"big":"1.281","points":"938"}},{"high":"1.22652","bid":{"big":"1.098","points":"930"},"open":"1.23067","low":"1.23219","offer":{"big":"1.342","points":"938"}}],"pairName":"GBP-USD"}
{"timestamp":"1570097829268","tiers":[{"high":"1.22652","bid":{"big":"1.22","points":"930"},"open":"1.23067","low":"1.23219","offer":{"big":"1.22","points":"938"}},{"high":"1.22652","bid":{"big":"1.159","points":"930"},"open":"1.23067","low":"1.23219","offer":{"big":"1.281","points":"938"}},{"high":"1.22652","bid":{"big":"1.098","points":"930"},"open":"1.23067","low":"1.23219","offer":{"big":"1.342","points":"938"}}],"pairName":"GBP-USD"}
{"timestamp":"1570097830267","tiers":[{"high":"1.22652","bid":{"big":"1.22","points":"927"},"open":"1.23067","low":"1.23219","offer":{"big":"1.22","points":"935"}},{"high":"1.22652","bid":{"big":"1.159","points":"927"},"open":"1.23067","low":"1.23219","offer":{"big":"1.281","points":"935"}},{"high":"1.22652","bid":{"big":"1.098","points":"927"},"open":"1.23067","low":"1.23219","offer":{"big":"1.342","points":"935"}}],"pairName":"GBP-USD"}
{"timestamp":"1570097830267","tiers":[{"high":"1.22652","bid":{"big":"1.22","points":"927"},"open":"1.23067","low":"1.23219","offer":{"big":"1.22","points":"935"}},{"high":"1.22652","bid":{"big":"1.159","points":"927"},"open":"1.23067","low":"1.23219","offer":{"big":"1.281","points":"935"}},{"high":"1.22652","bid":{"big":"1.098","points":"927"},"open":"1.23067","low":"1.23219","offer":{"big":"1.342","points":"935"}}],"pairName":"GBP-USD"}